OBJECTID,STOP_ID,LAST_UPDATE_DATE,GeometryEasting,GeometryNorthing
1,20000003,2026-06-18,836561,815610
2,20000004,2026-06-18,836015,815488
3,20000007,2026-08-12,835382,815370
4,20000008,2026-09-11,832110,816064
5,20000009,2026-09-11,831818,816131
6,20000010,2026-09-10,831703,815911
7,20000011,2026-06-18,830889,814761
8,20000012,2026-06-18,831806,816150
9,20000013,2026-06-18,831878,816170
10,20000015,2026-06-18,832592,816220
11,20000016,2026-07-13,832810,816167
12,20000017,2026-09-10,833376,816031
13,20000018,2026-09-10,833525,815994
14,20000019,2026-09-11,833671,815867
15,20000020,2026-09-11,835012,815511
16,20000021,2026-07-15,836673,815675
17,20000024,2026-06-18,834249,815878
18,20000025,2026-09-11,837044,815414
19,20000026,2026-08-12,834572,815418
20,20000048,2026-07-15,836592,815209
21,20000049,2026-07-15,836603,815353
22,20000052,2026-06-18,835886,815425
23,20000053,2026-06-18,836498,815542
24,20000057,2026-09-10,835609,812390
25,20000058,2026-06-18,834873,812178
26,20000066,2026-06-18,835025,815585
27,20000072,2026-09-11,832051,816088
28,20000075,2026-06-18,834719,815057
29,20000080,2026-06-18,831295,815657
30,20000081,2026-06-18,831111,816027
31,20000082,2026-06-18,832059,816433
32,20000085,2026-06-18,831719,816380
33,20000088,2026-06-18,831264,815918
34,20000089,2026-06-18,831361,815730
35,20000090,2026-06-18,830955,815809
36,20000091,2026-06-18,831013,815992
37,20000092,2026-06-18,832298,816270
38,20000093,2026-07-30,837043,815530
39,20000094,2026-07-30,838047,814965
40,20000095,2026-07-30,838006,814843
41,20000096,2026-07-30,838181,814610
42,20000097,2026-07-30,838065,814503
43,20000098,2026-07-30,837756,814288
44,20000099,2026-09-11,840016,809004
45,20000101,2026-07-27,839181,808610
46,20000102,2026-07-27,842489,814048
47,20000103,2026-06-18,842480,814009
48,20000104,2026-06-18,844173,812499
49,20000105,2026-06-18,842998,814397
50,20000106,2026-06-18,841499,815367
51,20000107,2026-06-18,841378,815497
52,20000108,2026-09-10,841333,815575
53,20000109,2026-06-18,841289,815652
54,20000110,2026-06-18,841219,815708
55,20000111,2026-06-18,841088,815750
56,20000118,2026-06-18,841350,815580
57,20000119,2026-06-18,841465,815407
58,20000120,2026-06-18,842016,814320
59,20000121,2026-09-10,837970,815364
60,20000122,2026-06-18,837963,815354
61,20000123,2026-09-10,838087,815418
62,20000124,2026-06-18,838057,815520
63,20000125,2026-06-18,838237,815064
64,20000126,2026-09-10,832157,813282
65,20000127,2026-06-18,832431,813180
66,20000130,2026-09-10,832422,813173
67,20000134,2026-06-18,836324,815047
68,20000135,2026-06-18,836187,814838
69,20000136,2026-09-10,836182,815105
70,20000137,2026-06-18,835838,815072
71,20000138,2026-08-12,835744,815124
72,20000139,2026-09-10,835718,815465
73,20000140,2026-06-18,838312,814758
74,20000142,2026-09-10,838525,816028
75,20000143,2026-06-18,838591,816218
76,20000146,2026-06-18,838021,815330
77,20000147,2026-06-18,837161,815786
78,20000152,2026-07-13,836457,815121
79,20000157,2026-06-18,834022,811612
80,20000159,2026-06-18,835387,811852
81,20000160,2026-09-11,834974,811599
82,20000161,2026-09-11,835193,812059
83,20000165,2026-06-18,837445,814115
84,20000166,2026-06-18,837338,814245
85,20000169,2026-09-11,834103,812022
86,20000173,2026-09-10,833231,816089
87,20000174,2026-08-03,831648,815878
88,20000175,2026-06-18,832011,812757
89,20000177,2026-09-11,832107,812809
90,20000210,2026-09-10,838828,817013
91,20000211,2026-06-18,839386,817051
92,20000215,2026-06-18,839827,816294
93,20000218,2026-09-10,833950,812243
94,20000219,2026-06-18,836512,815036
95,20000234,2026-06-18,834137,811416
96,20000238,2026-09-10,834172,811608
97,20000239,2026-06-18,834914,812196
98,20000240,2026-09-07,835323,812289
99,20000242,2026-09-11,837588,815784
100,20000243,2026-09-11,837771,815977
101,20000246,2026-09-10,839628,809048
102,20000247,2026-09-11,839269,809280
103,20000248,2026-09-11,839205,809155
104,20000249,2026-06-18,839333,809119
105,20000251,2026-09-11,837262,811887
106,20000253,2026-09-07,840470,808526
107,20000254,2026-06-18,841883,813533
108,20000255,2026-06-18,842470,814018
109,20000256,2026-06-18,842647,813834
110,20000257,2026-09-10,843837,813725
111,20000258,2026-06-18,842668,813816
112,20000260,2026-06-18,843241,814265
113,20000263,2026-06-18,842449,814479
114,20000264,2026-06-18,842404,814033
115,20000266,2026-06-18,838995,816580
116,20000267,2026-09-11,838022,816621
117,20000268,2026-09-10,837852,816067
118,20000270,2026-06-18,840963,815939
119,20000271,2026-06-18,840604,815791
120,20000272,2026-06-18,832441,812333
121,20000273,2026-06-18,833308,812316
122,20000274,2026-09-11,833520,812605
123,20000275,2026-06-18,833587,812651
124,20000276,2026-06-18,833535,812493
125,20000277,2026-06-18,834012,812106
126,20000281,2026-09-07,839322,809107
127,20000282,2026-09-11,839232,809135
128,20000283,2026-09-09,839269,809290
129,20000284,2026-09-10,834543,816425
130,20000289,2026-06-24,831298,815973
131,20000294,2026-09-10,833600,816552
132,20000295,2026-06-24,834383,816039
133,20000296,2026-06-18,834317,815945
134,20000297,2026-06-18,833221,816397
135,20000298,2026-06-18,832726,816441
136,20000299,2026-06-18,832588,816446
137,20000300,2026-06-18,832452,816279
138,20000302,2026-08-12,832792,815983
139,20000303,2026-09-10,832688,816188
140,20000304,2026-07-13,833594,815940
141,20000305,2026-09-11,833910,815696
142,20000307,2026-09-11,835347,815413
143,20000308,2026-09-10,835746,815140
144,20000309,2026-09-10,835965,815072
145,20000310,2026-09-11,836251,815144
146,20000311,2026-09-11,837208,815519
147,20000312,2026-07-13,838004,816733
148,20000313,2026-07-13,838078,816821
149,20000314,2026-07-13,838717,817060
150,20000315,2026-08-12,838770,816924
151,20000318,2026-08-12,838129,816751
152,20000322,2026-06-18,836825,815349
153,20000324,2026-08-12,835071,815460
154,20000325,2026-08-12,833666,815592
155,20000326,2026-06-18,834073,812111
156,20000327,2026-06-18,834092,812245
157,20000328,2026-09-11,833773,812126
158,20000329,2026-09-11,833313,812205
159,20000330,2026-06-18,831755,813677
160,20000331,2026-06-18,830792,814553
161,20000332,2026-06-18,830971,814893
162,20000334,2026-09-10,831070,814932
163,20000335,2026-06-18,831691,813814
164,20000336,2026-06-18,831803,813669
165,20000338,2026-06-18,831829,813646
166,20000340,2026-06-18,833876,812341
167,20000341,2026-06-18,834039,812143
168,20000342,2026-06-18,835217,811886
169,20000343,2026-06-18,835112,811773
170,20000347,2026-06-18,831015,814864
171,20000348,2026-09-10,830903,814758
172,20000349,2026-09-11,830807,814702
173,20000352,2026-09-11,843141,814285
174,20000356,2026-06-18,833420,811552
175,20000358,2026-06-18,833383,811638
176,20000359,2026-06-18,833474,811723
177,20000360,2026-06-18,833562,811706
178,20000361,2026-09-11,834458,812090
179,20000362,2026-06-18,832363,812598
180,20000363,2026-06-18,832110,812794
181,20000367,2026-06-18,832110,813540
182,20000368,2026-06-18,832217,813088
183,20000369,2026-07-15,833276,812329
184,20000370,2026-09-11,833349,812288
185,20000378,2026-06-18,838605,817037
186,20000380,2026-06-18,840802,815757
187,20000383,2026-06-18,840819,815607
188,20000394,2026-09-10,842371,813702
189,20000396,2026-06-18,842220,813933
190,20000398,2026-09-10,842032,814798
191,20000409,2026-06-18,835553,820159
192,20000411,2026-09-10,836008,817359
193,20000418,2026-06-18,837712,818467
194,20000420,2026-06-18,837218,818702
195,20000433,2026-09-11,835785,821013
196,20000440,2026-09-10,837381,820070
197,20000443,2026-06-18,837318,818702
198,20000444,2026-06-18,837430,818558
199,20000446,2026-09-10,835365,817951
200,20000453,2026-06-18,835132,820056
201,20000454,2026-06-18,834683,820383
202,20000458,2026-06-18,835484,819441
203,20000462,2026-06-18,835440,818500
204,20000465,2026-06-18,836353,820091
205,20000466,2026-06-18,836302,820001
206,20000467,2026-07-25,836172,819908
207,20000468,2026-07-25,836066,820058
208,20000469,2026-09-10,835928,820107
209,20000470,2026-06-18,835696,820062
210,20000472,2026-07-25,836206,819916
211,20000473,2026-06-18,836261,820043
212,20000475,2026-09-11,836877,818331
213,20000476,2026-06-18,836126,818266
214,20000478,2026-06-18,835816,818253
215,20000479,2026-06-18,835550,818231
216,20000482,2026-06-18,835614,818255
217,20000483,2026-06-18,835804,818268
218,20000484,2026-06-18,836151,818281
219,20000489,2026-06-18,837848,819805
220,20000490,2026-06-18,837670,819782
221,20000506,2026-06-18,837503,819628
222,20000508,2026-06-18,837856,819968
223,20000519,2026-06-18,835408,821399
224,20000540,2026-06-18,835260,822000
225,20000541,2026-06-18,835679,821379
226,20000544,2026-06-18,835628,820075
227,20000546,2026-06-18,835497,820628
228,20000547,2026-09-11,835786,820340
229,20000550,2026-09-10,837316,821040
230,20000551,2026-06-18,837566,819664
231,20000553,2026-06-18,837383,819013
232,20000554,2026-06-18,837406,818574
233,20000556,2026-06-18,837325,818743
234,20000557,2026-06-18,837365,818912
235,20000558,2026-06-18,837368,819182
236,20000561,2026-09-11,837271,822170
237,20000563,2026-06-18,837308,821207
238,20000566,2026-06-18,840174,821603
239,20000568,2026-09-10,840200,821633
240,20000580,2026-09-10,838083,822810
241,20000581,2026-06-18,838223,823011
242,20000582,2026-09-10,838141,823362
243,20000583,2026-09-09,838227,823105
244,20000584,2026-06-18,838239,822992
245,20000585,2026-09-10,838078,822795
246,20000586,2026-06-18,838281,821788
247,20000588,2026-07-10,838883,822384
248,20000589,2026-06-18,839501,822411
249,20000590,2026-09-11,839464,822600
250,20000591,2026-09-10,839075,823165
251,20000592,2026-09-10,838688,823305
252,20000594,2026-09-10,838752,823457
253,20000595,2026-06-18,838969,823287
254,20000596,2026-06-18,839090,823218
255,20000597,2026-06-18,839480,822604
256,20000598,2026-06-18,839526,822426
257,20000599,2026-06-18,839432,822313
258,20000600,2026-09-11,838756,822631
259,20000603,2026-07-13,838368,822794
260,20000604,2026-07-13,838519,823282
261,20000607,2026-09-10,838889,823119
262,20000613,2026-06-18,838198,821930
263,20000615,2026-09-10,838064,822459
264,20000620,2026-06-18,834743,819860
265,20000622,2026-06-18,834598,820261
266,20000625,2026-06-18,835549,819331
267,20000626,2026-09-10,835831,819544
268,20000627,2026-07-25,835856,820012
269,20000628,2026-09-11,835504,820563
270,20000629,2026-09-10,834945,820492
271,20000630,2026-06-18,834740,820299
272,20000631,2026-06-18,834750,820113
273,20000633,2026-09-10,841074,819612
274,20000662,2026-06-18,842166,818511
275,20000673,2026-06-18,836226,822014
276,20000678,2026-07-02,837525,819578
277,20000680,2026-06-18,837675,819144
278,20000681,2026-09-11,837844,818732
279,20000682,2026-09-10,837700,818851
280,20000683,2026-06-18,837617,818684
281,20000684,2026-09-10,837143,818392
282,20000685,2026-06-18,836095,818265
283,20000686,2026-06-18,835960,818264
284,20000687,2026-06-18,835823,818522
285,20000688,2026-06-18,835603,818465
286,20000690,2026-06-18,834863,818632
287,20000691,2026-09-10,834830,818451
288,20000693,2026-07-02,835151,818591
289,20000694,2026-09-10,835270,818689
290,20000696,2026-07-02,835369,818541
291,20000697,2026-07-02,835598,818488
292,20000698,2026-07-02,835823,818552
293,20000700,2026-07-02,836104,818280
294,20000701,2026-09-11,837110,818500
295,20000702,2026-07-02,837550,818612
296,20000703,2026-07-02,837725,818850
297,20000704,2026-09-09,837314,819894
298,20000706,2026-09-10,837306,819527
299,20000707,2026-07-25,837258,819404
300,20000709,2026-09-10,837134,819209
301,20000710,2026-09-10,836914,819157
302,20000714,2026-07-25,836609,819742
303,20000715,2026-06-29,835799,819978
304,20000716,2026-07-25,835734,820013
305,20000717,2026-07-25,835703,820175
306,20000718,2026-07-25,835662,820386
307,20000719,2026-07-25,835636,820524
308,20000720,2026-09-11,835583,820164
309,20000721,2026-09-11,836266,820132
310,20000723,2026-07-25,836624,819759
311,20000724,2026-07-25,836747,819576
312,20000726,2026-07-25,837143,819236
313,20000727,2026-07-25,837247,819408
314,20000731,2026-07-25,837244,819935
315,20000733,2026-06-18,837736,819893
316,20000735,2026-06-18,836620,822237
317,20000736,2026-06-18,836803,822239
318,20000737,2026-06-18,836721,822379
319,20000739,2026-06-18,836637,822554
320,20000740,2026-06-18,836899,822668
321,20000742,2026-09-02,836723,822217
322,20000744,2026-06-18,836240,822768
323,20000745,2026-06-18,834958,822282
324,20000746,2026-06-18,835180,821321
325,20000747,2026-06-18,835163,821237
326,20000748,2026-06-18,835272,820998
327,20000749,2026-06-18,835315,820672
328,20000752,2026-06-18,835231,822181
329,20000753,2026-06-18,835015,822383
330,20000758,2026-06-18,835311,822550
331,20000761,2026-06-18,838980,823027
332,20000762,2026-06-18,838824,823004
333,20000763,2026-09-11,838562,822871
334,20000772,2026-06-18,837650,820295
335,20000785,2026-07-10,837795,822528
336,20000786,2026-08-31,838527,822782
337,20000787,2026-06-18,838736,823004
338,20000788,2026-09-11,838874,823026
339,20000789,2026-06-18,838972,823041
340,20000790,2026-09-11,839216,823020
341,20000791,2026-06-18,839420,822810
342,20000794,2026-09-10,839526,822702
343,20000796,2026-06-18,839855,822519
344,20000797,2026-06-18,839807,822542
345,20000798,2026-06-18,839702,822622
346,20000799,2026-06-18,839488,822679
347,20000800,2026-06-18,837922,822406
348,20000801,2026-06-18,838024,822285
349,20000802,2026-06-18,838233,822322
350,20000808,2026-09-10,840332,820313
351,20000809,2026-09-11,840723,819591
352,20000810,2026-08-24,840953,819548
353,20000814,2026-09-10,841002,819514
354,20000815,2026-09-11,840685,819598
355,20000819,2026-07-13,838253,822793
356,20000820,2026-07-13,838406,823028
357,20000821,2026-09-11,838419,823187
358,20000823,2026-07-13,838408,822951
359,20000824,2026-09-11,838405,822849
360,20000831,2026-09-02,837431,822064
361,20000859,2026-09-10,835174,821845
362,20000866,2026-09-09,834653,819922
363,20000867,2026-06-18,834643,820019
364,20000868,2026-09-10,834990,819425
365,20000870,2026-09-10,835534,819161
366,20000872,2026-06-18,834957,819489
367,20000894,2026-06-18,839403,820952
368,20000895,2026-09-10,839538,820854
369,20000905,2026-06-18,834203,819943
370,20000907,2026-06-18,834586,819954
371,20000909,2026-06-18,834979,820124
372,20000911,2026-06-18,835376,820197
373,20000912,2026-09-11,835904,820128
374,20000916,2026-09-11,837080,820627
375,20000923,2026-07-16,839394,821568
376,20000935,2026-06-18,840976,820198
377,20000936,2026-06-18,840798,820325
378,20000946,2026-07-02,841217,820363
379,20000952,2026-09-11,841154,821547
380,20000953,2026-09-11,841420,820834
381,20000954,2026-06-18,840240,821478
382,20000955,2026-06-18,840260,821509
383,20000960,2026-07-16,839296,821168
384,20000968,2026-09-11,838516,822101
385,20000969,2026-09-11,838427,821972
386,20000973,2026-09-10,837453,822228
387,20000975,2026-06-18,838733,822152
388,20000976,2026-06-18,838215,822330
389,20000978,2026-06-18,837966,822199
390,20000980,2026-06-18,839390,821958
391,20000983,2026-09-11,841346,820567
392,20000985,2026-06-18,839248,822015
393,20000986,2026-06-18,839353,821076
394,20000987,2026-06-18,840270,820176
395,20000988,2026-08-24,840455,819800
396,20000989,2026-06-18,841182,819634
397,20000990,2026-06-18,840950,819536
398,20000991,2026-06-18,840512,819739
399,20000992,2026-06-18,840257,819945
400,20000993,2026-06-18,840247,820162
401,20000994,2026-07-02,840236,820608
402,20000995,2026-06-18,835797,818584
403,20001020,2026-09-11,842328,819561
404,20001039,2026-09-11,838589,823505
405,20001045,2026-07-13,839090,823184
406,20001049,2026-06-18,837439,822197
407,20001050,2026-09-09,837330,821337
408,20001053,2026-06-18,837299,820960
409,20001058,2026-07-16,839732,821278
410,20001060,2026-09-09,840155,820343
411,20001082,2026-09-11,834721,820308
412,20001093,2026-09-11,838357,822232
413,20001099,2026-06-18,839417,822431
414,20001112,2026-06-18,846211,826936
415,20001113,2026-06-18,844771,825076
416,20001114,2026-09-11,844056,824512
417,20001115,2026-09-10,840016,820304
418,20001116,2026-09-10,839488,821774
419,20001117,2026-09-11,839519,821654
420,20001118,2026-06-18,838807,822099
421,20001119,2026-06-18,839130,822021
422,20001120,2026-06-18,846062,826789
423,20001121,2026-06-18,843483,823999
424,20001128,2026-06-30,850940,828670
425,20001129,2026-06-18,851821,835619
426,20001130,2026-06-18,851150,829838
427,20001133,2026-06-18,844727,819910
428,20001137,2026-06-29,844553,820306
429,20001140,2026-09-10,845765,819851
430,20001142,2026-06-18,844736,822013
431,20001144,2026-06-18,845959,827101
432,20001145,2026-06-18,843476,822298
433,20001146,2026-09-10,842447,821620
434,20001149,2026-08-24,844619,820489
435,20001150,2026-09-11,844438,820888
436,20001151,2026-09-10,844056,820822
437,20001152,2026-09-11,843243,820134
438,20001154,2026-09-10,841809,820432
439,20001159,2026-06-18,844469,819468
440,20001161,2026-06-18,845759,819882
441,20001162,2026-06-18,845425,819792
442,20001163,2026-09-11,845224,819601
443,20001164,2026-09-11,845252,820021
444,20001166,2026-09-01,844779,820576
445,20001169,2026-09-11,843994,820830
446,20001170,2026-06-18,844661,820559
447,20001171,2026-09-01,845243,820049
448,20001172,2026-09-01,845745,819833
449,20001174,2026-09-11,844566,820419
450,20001175,2026-09-10,844504,820609
451,20001193,2026-06-18,835604,833821
452,20001194,2026-06-18,835073,834259
453,20001196,2026-06-18,835228,834815
454,20001197,2026-06-18,835347,835275
455,20001198,2026-09-10,836002,835599
456,20001199,2026-06-18,835800,835268
457,20001200,2026-09-10,835123,834292
458,20001202,2026-06-18,840055,835267
459,20001203,2026-09-11,835295,834730
460,20001205,2026-06-18,835210,834609
461,20001207,2026-09-10,833369,836039
462,20001208,2026-06-18,835009,834600
463,20001209,2026-09-11,835274,834489
464,20001210,2026-06-18,834251,834357
465,20001212,2026-09-11,834849,832322
466,20001214,2026-09-11,834619,834611
467,20001217,2026-06-18,836364,835399
468,20001218,2026-09-11,836195,835197
469,20001219,2026-06-18,835933,835130
470,20001220,2026-09-11,835828,834824
471,20001221,2026-06-18,835535,834610
472,20001222,2026-09-10,835380,834303
473,20001224,2026-09-09,835548,834214
474,20001225,2026-09-10,835841,834138
475,20001226,2026-06-18,841788,830959
476,20001227,2026-09-11,841655,831147
477,20001228,2026-09-11,841592,831378
478,20001229,2026-09-06,841634,831643
479,20001230,2026-09-11,841892,831741
480,20001231,2026-09-11,841875,831798
481,20001234,2026-09-07,841919,831689
482,20001235,2026-09-11,841585,831546
483,20001236,2026-06-18,841614,831396
484,20001238,2026-09-11,841757,831002
485,20001239,2026-09-10,835863,834108
486,20001240,2026-06-18,835707,834139
487,20001241,2026-06-18,835369,834287
488,20001242,2026-06-18,835256,834495
489,20001243,2026-06-18,835540,834643
490,20001244,2026-09-11,835800,834841
491,20001245,2026-09-11,835924,835158
492,20001248,2026-06-18,820524,833889
493,20001249,2026-06-18,819605,833790
494,20001253,2026-09-10,820940,834000
495,20001263,2026-09-11,820778,833919
496,20001264,2026-06-18,821153,834062
497,20001266,2026-06-18,819182,833739
498,20001268,2026-06-18,818548,834069
499,20001269,2026-06-18,812200,831985
500,20001271,2026-06-18,818356,834169
501,20001272,2026-06-18,818581,834064
502,20001274,2026-09-11,819191,833737
503,20001276,2026-09-09,816417,836470
504,20001278,2026-06-18,817898,838560
505,20001280,2026-09-11,822815,833834
506,20001281,2026-07-13,821232,833912
507,20001282,2026-07-13,821590,834120
508,20001283,2026-07-13,822549,833891
509,20001286,2026-07-13,822445,833867
510,20001287,2026-07-13,821597,833883
511,20001288,2026-07-13,821275,833886
512,20001289,2026-07-13,821036,833890
513,20001296,2026-06-27,821414,833730
514,20001305,2026-09-11,815172,829671
515,20001306,2026-09-11,815264,829267
516,20001308,2026-09-11,815311,828921
517,20001309,2026-06-18,815188,828679
518,20001310,2026-09-11,815128,828439
519,20001311,2026-09-11,815343,828380
520,20001312,2026-09-11,815432,828465
521,20001313,2026-08-31,815511,828225
522,20001314,2026-08-31,815514,828018
523,20001318,2026-06-18,815496,827605
524,20001319,2026-08-31,815490,828177
525,20001321,2026-06-18,815440,828598
526,20001322,2026-09-11,815471,828717
527,20001323,2026-09-11,815374,829139
528,20001324,2026-09-11,815246,829231
529,20001325,2026-09-11,815126,829704
530,20001326,2026-09-11,814846,829913
531,20001327,2026-06-18,816103,831575
532,20001332,2026-09-11,815644,830113
533,20001333,2026-06-18,815578,829909
534,20001336,2026-06-18,815449,829814
535,20001337,2026-06-18,815445,829396
536,20001338,2026-09-11,815603,828218
537,20001339,2026-06-18,815448,829437
538,20001341,2026-06-18,815431,829821
539,20001342,2026-09-11,815634,830211
540,20001344,2026-08-31,815568,828721
541,20001346,2026-08-31,815879,827943
542,20001347,2026-08-31,816067,827648
543,20001349,2026-08-31,815879,826957
544,20001351,2026-08-31,818803,826412
545,20001352,2026-08-31,817416,825807
546,20001353,2026-08-31,816738,826132
547,20001354,2026-08-31,816044,826663
548,20001355,2026-08-31,815967,827194
549,20001356,2026-08-31,816071,827303
550,20001357,2026-09-11,816063,827567
551,20001358,2026-08-31,816014,827770
552,20001359,2026-08-31,815890,827918
553,20001360,2026-08-31,816314,826779
554,20001363,2026-08-31,819757,825280
555,20001365,2026-08-31,820346,825556
556,20001368,2026-09-11,819324,825180
557,20001369,2026-08-31,818216,825273
558,20001370,2026-09-11,817948,825432
559,20001372,2026-06-18,815747,827022
560,20001373,2026-06-18,815574,827309
561,20001374,2026-06-18,814972,825981
562,20001376,2026-06-18,814804,825946
563,20001377,2026-06-18,814631,825981
564,20001378,2026-09-10,814000,826300
565,20001379,2026-09-11,814297,826986
566,20001380,2026-06-18,814464,827354
567,20001381,2026-06-18,815232,827209
568,20001382,2026-06-18,815457,827196
569,20001384,2026-09-10,831217,840270
570,20001385,2026-06-18,815516,827606
571,20001386,2026-06-18,815516,827308
572,20001387,2026-06-18,815206,827196
573,20001389,2026-09-11,814318,826978
574,20001390,2026-09-11,814053,826448
575,20001391,2026-06-18,814120,826170
576,20001392,2026-06-18,814429,826046
577,20001393,2026-06-18,814603,826007
578,20001394,2026-06-18,814799,825963
579,20001396,2026-06-18,815291,828941
580,20001397,2026-06-18,815205,829109
581,20001398,2026-06-18,815046,829090
582,20001399,2026-06-18,814793,829073
583,20001400,2026-06-18,814631,829818
584,20001401,2026-06-18,814344,829713
585,20001402,2026-06-18,814415,829589
586,20001403,2026-09-09,814768,829195
587,20001404,2026-06-18,814882,829089
588,20001405,2026-06-18,815207,829128
589,20001406,2026-09-11,826502,840374
590,20001418,2026-06-18,831100,823247
591,20001427,2026-09-10,831166,823579
592,20001428,2026-06-18,831119,823256
593,20001429,2026-06-18,831122,823118
594,20001430,2026-06-18,831292,823003
595,20001445,2026-09-11,830824,825711
596,20001453,2026-09-09,832432,839108
597,20001455,2026-09-11,832906,840075
598,20001456,2026-09-11,832497,839210
599,20001457,2026-09-09,832320,839265
600,20001460,2026-06-18,832744,839847
601,20001466,2026-06-18,832623,839675
602,20001467,2026-06-18,837324,835870
603,20001468,2026-06-18,837926,835750
604,20001469,2026-09-10,832654,840141
605,20001470,2026-08-31,832631,840099
606,20001471,2026-06-18,832607,839533
607,20001473,2026-06-18,831428,840450
608,20001474,2026-06-18,831761,840261
609,20001475,2026-06-18,832186,839925
610,20001476,2026-09-10,832445,839594
611,20001477,2026-06-18,841074,845088
612,20001478,2026-06-18,832432,839577
613,20001479,2026-06-18,832066,839934
614,20001480,2026-06-18,831749,840241
615,20001483,2026-06-18,840324,842725
616,20001492,2026-06-18,837371,827104
617,20001493,2026-09-10,837914,827502
618,20001494,2026-09-11,838035,827638
619,20001495,2026-06-18,838133,827584
620,20001496,2026-06-18,838047,828773
621,20001497,2026-06-18,837944,828873
622,20001499,2026-06-18,837373,828831
623,20001501,2026-06-18,837403,828973
624,20001502,2026-06-18,837472,828998
625,20001505,2026-09-10,838153,828698
626,20001506,2026-09-10,838342,827661
627,20001507,2026-09-11,837970,827234
628,20001510,2026-06-18,837586,828813
629,20001513,2026-09-10,838279,827590
630,20001514,2026-06-18,836525,824987
631,20001515,2026-06-18,838123,827572
632,20001516,2026-06-18,837515,825700
633,20001518,2026-09-10,837985,827288
634,20001520,2026-06-18,838142,828940
635,20001521,2026-06-18,838304,829068
636,20001522,2026-06-18,838318,829165
637,20001523,2026-06-18,838187,829102
638,20001524,2026-06-18,838305,829077
639,20001525,2026-06-18,838142,828897
640,20001544,2026-08-22,840500,826994
641,20001545,2026-08-22,840259,826977
642,20001547,2026-06-18,839285,826931
643,20001549,2026-09-11,837677,827068
644,20001550,2026-09-10,839300,826938
645,20001551,2026-09-11,840198,827077
646,20001553,2026-09-09,838489,827306
647,20001554,2026-09-11,838173,826956
648,20001556,2026-09-11,838175,827002
649,20001557,2026-09-10,838457,827317
650,20001563,2026-06-18,839327,828044
651,20001564,2026-09-10,838912,827739
652,20001567,2026-09-09,839301,828058
653,20001569,2026-09-11,837640,826965
654,20001570,2026-09-11,837421,826748
655,20001571,2026-09-11,837338,826134
656,20001572,2026-09-11,836626,825896
657,20001573,2026-09-10,836518,825956
658,20001580,2026-06-18,836528,825551
659,20001581,2026-09-11,837260,826148
660,20001582,2026-09-11,836607,825922
661,20001599,2026-09-11,817999,835242
662,20001600,2026-09-10,818391,835002
663,20001601,2026-09-11,818306,834777
664,20001603,2026-06-18,818671,834527
665,20001606,2026-06-18,820971,833915
666,20001615,2026-09-10,818352,834481
667,20001616,2026-09-11,818295,834799
668,20001618,2026-09-09,817961,835268
669,20001620,2026-07-28,818439,835505
670,20001629,2026-08-26,830626,825461
671,20001643,2026-09-10,830201,825532
672,20001646,2026-08-26,829948,825699
673,20001654,2026-09-11,831955,825353
674,20001655,2026-09-11,832186,825239
675,20001656,2026-06-18,832516,825626
676,20001658,2026-06-18,832329,825852
677,20001660,2026-09-11,832010,825812
678,20001661,2026-06-18,830043,825545
679,20001670,2026-09-11,832245,825757
680,20001671,2026-09-10,832434,825901
681,20001672,2026-09-11,832646,825524
682,20001675,2026-06-18,832310,824838
683,20001676,2026-06-18,832547,825006
684,20001677,2026-06-18,832364,825057
685,20001679,2026-09-11,832253,825668
686,20001680,2026-09-11,832147,825759
687,20001687,2026-09-10,830918,825690
688,20001690,2026-06-18,830441,824636
689,20001696,2026-06-18,830414,824689
690,20001698,2026-06-18,830223,825439
691,20001716,2026-09-10,831222,824480
692,20001726,2026-06-18,828701,824005
693,20001730,2026-09-11,828686,824697
694,20001731,2026-06-18,828758,823874
695,20001732,2026-09-10,828972,823921
696,20001734,2026-06-18,829259,823799
697,20001737,2026-09-10,829397,823021
698,20001740,2026-09-10,828412,823458
699,20001742,2026-06-18,828744,823877
700,20001746,2026-09-07,829365,822865
701,20001754,2026-09-10,829342,822871
702,20001755,2026-06-18,828589,824070
703,20001756,2026-06-18,828600,823879
704,20001757,2026-09-10,828885,823727
705,20001759,2026-06-18,828880,823703
706,20001760,2026-09-10,828576,823893
707,20001783,2026-06-18,831101,822995
708,20001792,2026-06-18,832545,822157
709,20001801,2026-06-18,831402,822789
710,20001803,2026-06-18,831126,823433
711,20001804,2026-06-18,831144,823558
712,20001814,2026-09-10,831206,823706
713,20001815,2026-09-11,830814,824311
714,20001816,2026-09-10,830644,824383
715,20001817,2026-09-11,830659,824390
716,20001818,2026-09-10,830893,824269
717,20001819,2026-06-18,831021,824121
718,20001837,2026-06-18,831394,822806
719,20001848,2026-06-18,831964,826799
720,20001851,2026-09-07,832105,825951
721,20001854,2026-09-11,831721,825023
722,20001860,2026-09-10,832317,825331
723,20001861,2026-09-10,832090,826004
724,20001862,2026-09-10,832094,826318
725,20001864,2026-06-18,832203,826666
726,20001872,2026-06-18,829676,826198
727,20001873,2026-09-01,830048,826102
728,20001876,2026-08-18,829976,825884
729,20001877,2026-09-11,830014,826023
730,20001887,2026-08-26,828540,825891
731,20001888,2026-09-11,824375,825380
732,20001889,2026-09-11,824101,825266
733,20001893,2026-09-10,824122,825313
734,20001894,2026-09-10,824406,825397
735,20001909,2026-06-18,830453,825550
736,20001926,2026-07-14,833111,821937
737,20001942,2026-06-18,829874,825447
738,20001944,2026-06-18,845109,821244
739,20001951,2026-06-18,845058,819892
740,20001955,2026-06-18,840234,819774
741,20001957,2026-06-18,840090,820669
742,20001961,2026-06-18,838711,822163
743,20001963,2026-06-18,838375,821744
744,20001964,2026-09-11,838516,821662
745,20001966,2026-06-18,840129,820628
746,20001968,2026-06-18,840193,819949
747,20001969,2026-06-18,840258,819789
748,20001970,2026-06-18,840976,819445
749,20001972,2026-06-18,841683,819057
750,20001973,2026-09-11,845012,819920
751,20001974,2026-09-01,845525,819513
752,20001993,2026-06-18,844181,822738
753,20001994,2026-06-18,843057,821972
754,20001996,2026-09-11,842553,821662
755,20001999,2026-09-11,842497,821679
756,20002000,2026-09-10,843048,822004
757,20002001,2026-06-18,843438,822299
758,20002002,2026-09-11,844228,822750
759,20002003,2026-09-10,844232,820074
760,20002005,2026-09-11,844422,820916
761,20002010,2026-09-10,838877,821774
762,20002012,2026-09-11,837625,819901
763,20002013,2026-09-11,837472,819558
764,20002020,2026-09-11,843835,820417
765,20002021,2026-09-11,844262,819918
766,20002022,2026-09-07,841594,820546
767,20002027,2026-08-24,839465,820338
768,20002030,2026-09-02,841591,820561
769,20002031,2026-09-07,841824,820437
770,20002032,2026-09-11,843358,820056
771,20002033,2026-09-11,844019,819835
772,20002034,2026-08-31,816081,826635
773,20002035,2026-09-11,816485,826582
774,20002036,2026-08-31,816678,826235
775,20002037,2026-08-31,817164,826071
776,20002040,2026-08-31,817977,825450
777,20002043,2026-08-31,819425,825108
778,20002044,2026-06-18,828028,823268
779,20002046,2026-06-18,828890,824689
780,20002048,2026-09-11,828886,824675
781,20002050,2026-06-18,828041,823227
782,20002053,2026-08-31,817123,826057
783,20002054,2026-08-31,816317,826534
784,20002057,2026-08-31,817572,825604
785,20002058,2026-08-31,818699,825256
786,20002059,2026-08-26,829608,825897
787,20002062,2026-08-18,829366,825808
788,20002066,2026-06-18,829484,825692
789,20002071,2026-06-18,822591,824788
790,20002073,2026-09-11,823893,825157
791,20002077,2026-08-26,830107,825606
792,20002079,2026-08-26,831398,825765
793,20002080,2026-09-10,831644,825669
794,20002081,2026-08-26,831545,824477
795,20002082,2026-08-26,831210,824370
796,20002083,2026-09-11,831401,825742
797,20002084,2026-08-26,830026,825634
798,20002085,2026-08-26,829356,826025
799,20002087,2026-06-18,823911,825215
800,20002090,2026-06-18,829927,825064
801,20002096,2026-06-18,829951,825068
802,20002101,2026-06-18,830437,825566
803,20002102,2026-08-19,831917,822528
804,20002103,2026-09-07,829314,823851
805,20002104,2026-06-18,828567,824059
806,20002105,2026-06-18,828643,824709
807,20002106,2026-06-18,829972,825306
808,20002107,2026-06-18,832372,825295
809,20002110,2026-06-18,831739,825575
810,20002111,2026-06-18,830268,825446
811,20002112,2026-06-18,830067,825328
812,20002113,2026-06-18,828092,824042
813,20002115,2026-06-18,830162,825750
814,20002116,2026-06-18,832259,825117
815,20002119,2026-09-11,837316,826755
816,20002120,2026-09-10,838150,826487
817,20002121,2026-06-18,838157,826751
818,20002122,2026-06-18,832154,825778
819,20002123,2026-06-18,832361,825356
820,20002124,2026-06-18,832329,825163
821,20002125,2026-06-18,832650,825689
822,20002126,2026-06-18,832624,825521
823,20002127,2026-06-18,831158,824209
824,20002131,2026-06-18,829713,824818
825,20002133,2026-06-18,829415,823015
826,20002141,2026-06-18,832475,825825
827,20002145,2026-08-26,831799,825359
828,20002148,2026-06-18,828097,823910
829,20002159,2026-06-18,828098,823830
830,20002163,2026-07-14,833486,822215
831,20002164,2026-07-14,833832,822342
832,20002170,2026-06-18,828941,824312
833,20002176,2026-06-18,838060,828575
834,20002177,2026-06-18,838330,828303
835,20002178,2026-06-18,830100,825833
836,20002179,2026-06-18,838305,828306
837,20002180,2026-09-10,836242,826329
838,20002181,2026-06-18,832723,838628
839,20002182,2026-09-11,832379,838495
840,20002183,2026-09-02,832536,838513
841,20002184,2026-06-18,832521,838611
842,20002185,2026-06-18,832536,838744
843,20002187,2026-09-10,832817,838568
844,20002188,2026-07-10,838176,822528
845,20002189,2026-07-10,840224,820662
846,20002190,2026-07-10,840270,820180
847,20002192,2026-09-11,840273,820554
848,20002193,2026-09-11,838882,822246
849,20002194,2026-07-10,838117,822502
850,20002195,2026-07-10,837776,822495
851,20002196,2026-07-10,837490,822585
852,20002197,2026-07-10,837198,822599
853,20002198,2026-09-10,837345,825530
854,20002199,2026-07-10,835281,834775
855,20002203,2026-09-02,821091,833838
856,20002210,2026-06-18,832500,822053
857,20002211,2026-09-11,832615,821936
858,20002216,2026-06-18,822330,833954
859,20002217,2026-06-18,822668,833640
860,20002218,2026-06-18,820746,833894
861,20002221,2026-06-18,817944,835084
862,20002222,2026-06-18,835713,817697
863,20002223,2026-06-18,818623,834428
864,20002225,2026-09-10,841456,831289
865,20002226,2026-09-11,841012,829790
866,20002227,2026-09-11,840276,829206
867,20002228,2026-09-02,839915,828831
868,20002229,2026-06-18,838467,828408
869,20002230,2026-06-18,838624,828716
870,20002232,2026-06-18,838699,828900
871,20002235,2026-09-02,838968,827795
872,20002236,2026-09-10,839970,828932
873,20002237,2026-06-18,840358,829265
874,20002238,2026-06-18,840903,829649
875,20002241,2026-06-18,836005,824735
876,20002242,2026-06-18,835929,824947
877,20002243,2026-06-18,836168,825218
878,20002244,2026-06-18,837025,826163
879,20002245,2026-09-10,837521,826286
880,20002246,2026-09-02,837773,826549
881,20002247,2026-06-18,842048,831460
882,20002248,2026-06-18,842865,831779
883,20002249,2026-06-18,842717,831841
884,20002250,2026-09-02,842313,831796
885,20002251,2026-09-07,837741,826475
886,20002252,2026-06-18,837562,826280
887,20002253,2026-06-18,837024,826130
888,20002254,2026-09-10,836377,825724
889,20002255,2026-06-18,840302,826898
890,20002256,2026-09-10,840019,827106
891,20002257,2026-06-18,838803,826897
892,20002258,2026-09-10,838846,827257
893,20002259,2026-08-26,838994,827518
894,20002260,2026-09-10,836461,825525
895,20002261,2026-09-06,839026,827518
896,20002262,2026-06-18,839848,827094
897,20002263,2026-06-18,842468,831560
898,20002264,2026-06-18,835605,820217
899,20002273,2026-09-10,838852,827204
900,20002274,2026-09-09,839026,827056
901,20002275,2026-06-18,839761,830379
902,20002276,2026-06-18,841963,831133
903,20002277,2026-06-18,842016,831456
904,20002281,2026-09-02,842375,831839
905,20002282,2026-06-18,842877,832085
906,20002283,2026-06-18,843854,832298
907,20002284,2026-06-18,845716,831954
908,20002285,2026-06-18,844244,832356
909,20002286,2026-06-18,841986,831090
910,20002287,2026-06-18,842618,831619
911,20002288,2026-06-18,840447,829304
912,20002289,2026-09-10,840065,826884
913,20002290,2026-06-18,839879,826818
914,20002293,2026-09-10,839037,827044
915,20002294,2026-06-18,839561,826721
916,20002295,2026-06-18,839912,826819
917,20002297,2026-09-07,841560,831581
918,20002298,2026-06-18,842741,831842
919,20002299,2026-09-10,842647,831599
920,20002307,2026-06-18,838248,826565
921,20002312,2026-09-10,838299,827647
922,20002313,2026-06-18,840752,829921
923,20002314,2026-08-31,840848,830133
924,20002315,2026-09-10,840949,830539
925,20002317,2026-09-10,841329,831062
926,20002320,2026-06-18,841351,830987
927,20002321,2026-09-10,841079,830524
928,20002322,2026-09-10,840880,830162
929,20002327,2026-09-10,838962,827481
930,20002366,2026-06-27,824746,832829
931,20002381,2026-08-18,829342,825516
932,20002391,2026-09-10,834314,812070
933,20002394,2026-09-10,838593,822241
934,20002395,2026-09-10,838827,822122
935,20002403,2026-08-03,831505,815421
936,20002406,2026-06-18,832689,816174
937,20002407,2026-09-10,832365,816107
938,20002413,2026-06-18,840485,809978
939,20002414,2026-09-01,840110,831464
940,20002415,2026-09-10,840117,831039
941,20002416,2026-09-10,840081,830758
942,20002419,2026-09-10,814417,827202
943,20002430,2026-08-31,816100,827333
944,20002436,2026-06-27,821665,834138
945,20002437,2026-06-18,843817,823859
946,20002465,2026-06-27,824443,833392
947,20002474,2026-06-27,827892,833561
948,20002491,2026-09-10,831699,813451
949,20002492,2026-09-10,831725,813099
950,20002493,2026-09-10,832214,812821
951,20002494,2026-09-10,834046,812071
952,20002495,2026-09-10,836142,812356
953,20002496,2026-06-18,836639,815269
954,20002497,2026-09-10,836893,815402
955,20002501,2026-09-11,839636,816687
956,20002502,2026-09-11,838496,816863
957,20002523,2026-09-11,835265,834547
958,20002524,2026-09-10,834852,834739
959,20002551,2026-09-10,842335,819776
960,20002553,2026-07-16,841293,820385
961,20002563,2026-09-11,845408,819800
962,20002565,2026-06-18,834577,833669
963,20002566,2026-09-11,838524,837041
964,20002567,2026-06-18,842044,836975
965,20002568,2026-09-10,834472,834948
966,20002570,2026-06-18,835194,834836
967,20002571,2026-09-11,835282,834519
968,20002578,2026-08-17,825954,839783
969,20002597,2026-06-18,845270,819653
970,20002599,2026-06-18,846323,827074
971,20002600,2026-06-18,844759,825079
972,20002601,2026-06-18,844749,822014
973,20002602,2026-06-18,844687,818814
974,20002603,2026-06-18,844872,818680
975,20002605,2026-09-11,845707,819538
976,20002606,2026-06-18,824381,825346
977,20002608,2026-06-18,834588,820572
978,20002614,2026-06-18,833239,821450
979,20002622,2026-09-11,842196,813313
980,20002623,2026-06-18,841979,813148
981,20002633,2026-06-18,846125,817616
982,20002634,2026-06-18,846240,817272
983,20002646,2026-06-18,846214,817238
984,20002647,2026-06-18,846144,817528
985,20002648,2026-09-11,845651,818830
986,20002649,2026-06-18,846117,818085
987,20002650,2026-09-11,846014,818274
988,20002652,2026-09-11,845652,818754
989,20002654,2026-09-10,837519,819248
990,20002655,2026-09-11,837005,815512
991,20002663,2026-09-10,832321,825873
992,20002670,2026-06-18,836191,818948
993,20002671,2026-06-18,836219,818894
994,20002675,2026-06-18,839262,822279
995,20002676,2026-06-18,839524,822484
996,20002677,2026-06-18,839078,822330
997,20002713,2026-08-12,834005,815303
998,20002719,2026-06-24,831305,815128
999,20002734,2026-09-10,835142,811835
1000,20002735,2026-09-11,835173,812180
1001,20002740,2026-09-09,837915,822437
1002,20002749,2026-09-10,818378,834477
1003,20002787,2026-06-18,840000,816210
1004,20002790,2026-06-18,832506,812629
1005,20002799,2026-06-24,830246,815069
1006,20002816,2026-09-02,835365,818169
1007,20002839,2026-06-24,831550,816247
1008,20002841,2026-09-10,838809,829124
1009,20002846,2026-06-18,815107,828436
1010,20002870,2026-06-18,816961,835780
1011,20002871,2026-09-09,816903,835805
1012,20002953,2026-06-18,837172,815676
1013,20002981,2026-09-10,840091,831425
1014,20003008,2026-09-10,834012,821133
1015,20003010,2026-06-18,836237,819111
1016,20003011,2026-07-16,835754,818765
1017,20003024,2026-06-18,833378,821643
1018,20003028,2026-06-18,833276,821788
1019,20003029,2026-09-11,835223,834123
1020,20003030,2026-09-11,835515,834212
1021,20003031,2026-06-18,835300,834097
1022,20003045,2026-06-18,844886,819013
1023,20003048,2026-09-11,833248,821632
1024,20003049,2026-09-10,844114,818616
1025,20003050,2026-06-18,844044,818295
1026,20003051,2026-06-18,843654,818490
1027,20003052,2026-06-18,843724,818712
1028,20003054,2026-09-10,845612,819974
1029,20003055,2026-06-18,843712,818602
1030,20003056,2026-06-18,844023,818295
1031,20003065,2026-07-27,840476,809990
1032,20003070,2026-09-09,842394,819582
1033,20003072,2026-06-18,841975,819785
1034,20003075,2026-09-10,839059,816989
1035,20003076,2026-06-18,836180,818644
1036,20003080,2026-06-18,834347,821057
1037,20003082,2026-07-14,834330,821648
1038,20003083,2026-09-10,834242,816093
1039,20003084,2026-06-18,837041,815415
1040,20003085,2026-06-18,838620,816286
1041,20003087,2026-06-18,840029,809473
1042,20003089,2026-06-18,841653,813115
1043,20003090,2026-06-18,833110,816547
1044,20003094,2026-06-18,835677,820313
1045,20003101,2026-07-14,834364,821983
1046,20003105,2026-06-18,832523,822173
1047,20003108,2026-06-18,838253,816245
1048,20003110,2026-06-18,838148,816773
1049,20003117,2026-07-14,833936,821974
1050,20003129,2026-09-11,840028,809485
1051,20003132,2026-06-18,835301,820035
1052,20003138,2026-07-14,833989,822299
1053,20003142,2026-07-30,837582,814405
1054,20003145,2026-09-07,837427,811746
1055,20003149,2026-06-18,836415,822438
1056,20003150,2026-06-18,836427,822440
1057,20003151,2026-06-18,839301,820416
1058,20003154,2026-09-10,834547,821133
1059,20003160,2026-06-18,848673,828056
1060,20003161,2026-06-18,848636,828018
1061,20003162,2026-06-18,849235,827644
1062,20003163,2026-06-18,849274,827601
1063,20003164,2026-06-18,847263,828777
1064,20003165,2026-06-18,836695,826509
1065,20003166,2026-09-10,836273,826034
1066,20003167,2026-09-11,836283,826075
1067,20003174,2026-09-11,845083,818784
1068,20003175,2026-06-18,843808,818786
1069,20003176,2026-09-01,844868,819061
1070,20003178,2026-06-18,845580,818709
1071,20003179,2026-06-27,826888,833582
1072,20003183,2026-06-27,824933,833367
1073,20003184,2026-06-27,824927,833383
1074,20003188,2026-06-18,838286,831896
1075,20003189,2026-06-18,838276,831866
1076,20003190,2026-06-18,838059,832441
1077,20003191,2026-06-18,838031,832504
1078,20003192,2026-06-18,836482,833665
1079,20003193,2026-06-18,836394,833659
1080,20003196,2026-06-18,839461,843874
1081,20003197,2026-06-18,838124,843125
1082,20003198,2026-06-18,837450,842764
1083,20003200,2026-06-18,836230,842276
1084,20003201,2026-06-18,835490,841728
1085,20003202,2026-06-18,833764,836634
1086,20003203,2026-06-18,833894,837414
1087,20003204,2026-06-18,833078,838331
1088,20003205,2026-08-13,831104,840469
1089,20003224,2026-06-18,844727,819055
1090,20003225,2026-06-18,844605,818863
1091,20003233,2026-09-09,832130,825802
1092,20003237,2026-06-18,812597,832689
1093,20003238,2026-06-18,812818,833264
1094,20003242,2026-06-18,838103,843025
1095,20003243,2026-06-18,837446,842747
1096,20003244,2026-06-18,836882,842448
1097,20003245,2026-06-18,836216,842231
1098,20003246,2026-06-18,835362,841597
1099,20003249,2026-06-18,833438,840471
1100,20003250,2026-09-04,833429,840431
1101,20003259,2026-06-18,832410,838182
1102,20003261,2026-06-18,847260,828792
1103,20003263,2026-06-18,839393,820690
1104,20003264,2026-06-18,839436,820720
1105,20003273,2026-06-18,833435,812350
1106,20003278,2026-08-12,832964,816081
1107,20003279,2026-09-10,831228,815835
1108,20003281,2026-06-18,838549,822151
1109,20003282,2026-09-10,842523,819913
1110,20003310,2026-06-18,841117,829579
1111,20003314,2026-09-07,839009,809037
1112,20003318,2026-07-10,837242,822620
1113,20003322,2026-06-18,832820,839520
1114,20003325,2026-06-18,835817,841822
1115,20003326,2026-06-18,836586,840887
1116,20003328,2026-06-18,836650,826866
1117,20003329,2026-06-18,834999,833007
1118,20003330,2026-06-18,834757,831667
1119,20003336,2026-09-10,840095,831043
1120,20003337,2026-09-07,831452,813679
1121,20003338,2026-09-10,831737,813270
1122,20003341,2026-06-18,833235,840674
1123,20003346,2026-06-18,835177,834303
1124,20003351,2026-07-27,841520,813207
1125,20003353,2026-06-18,841167,816223
1126,20003354,2026-06-18,837964,815196
1127,20003355,2026-06-18,837950,815225
1128,20003357,2026-06-18,835256,821584
1129,20003363,2026-09-10,836258,821931
1130,20003365,2026-07-13,838476,823530
1131,20003373,2026-09-10,834875,819588
1132,20003377,2026-06-18,844044,819823
1133,20003387,2026-06-18,845311,819684
1134,20003393,2026-09-09,817056,834620
1135,20003394,2026-09-10,818377,834161
1136,20003397,2026-07-27,838389,808131
1137,20003404,2026-09-10,834679,815225
1138,20003420,2026-06-18,845176,831662
1139,20003421,2026-06-18,839066,835657
1140,20003423,2026-06-18,835129,834928
1141,20003424,2026-06-18,835138,834656
1142,20003425,2026-06-18,842178,813651
1143,20003426,2026-09-10,842770,813900
1144,20003427,2026-09-10,843618,813985
1145,20003428,2026-09-10,843846,813890
1146,20003429,2026-06-18,844004,813833
1147,20003430,2026-06-18,842963,814029
1148,20003431,2026-06-18,842428,813741
1149,20003432,2026-06-18,842790,813540
1150,20003433,2026-06-18,843462,813486
1151,20003434,2026-06-18,843467,813528
1152,20003435,2026-06-18,842843,813555
1153,20003436,2026-06-18,842435,813768
1154,20003437,2026-06-18,841024,810757
1155,20003438,2026-06-18,840864,811231
1156,20003439,2026-06-18,840844,811941
1157,20003441,2026-07-27,841000,810766
1158,20003442,2026-09-10,840852,811263
1159,20003443,2026-09-10,842242,814344
1160,20003445,2026-06-18,843491,814231
1161,20003447,2026-06-18,842228,813961
1162,20003449,2026-09-10,843351,814353
1163,20003450,2026-06-18,842093,814295
1164,20003452,2026-06-18,843002,814086
1165,20003454,2026-09-10,843616,813960
1166,20003457,2026-09-10,839290,816999
1167,20003464,2026-07-27,842119,814367
1168,20003465,2026-07-27,839171,808627
1169,20003467,2026-09-10,842054,814506
1170,20003468,2026-06-18,831475,816184
1171,20003469,2026-06-24,831901,816475
1172,20003470,2026-06-18,832253,816490
1173,20003471,2026-06-18,832701,816588
1174,20003472,2026-06-18,832891,816249
1175,20003474,2026-06-18,832355,816404
1176,20003475,2026-09-10,832064,816326
1177,20003476,2026-09-11,831424,815841
1178,20003485,2026-07-30,838017,814357
1179,20003486,2026-07-30,837772,814490
1180,20003491,2026-06-18,838159,815251
1181,20003492,2026-06-18,837805,815205
1182,20003493,2026-07-30,837913,814972
1183,20003494,2026-06-18,837914,814959
1184,20003495,2026-06-18,837818,815118
1185,20003496,2026-06-18,838175,815252
1186,20003497,2026-06-18,834885,815036
1187,20003498,2026-06-18,834401,815263
1188,20003499,2026-06-18,834924,814996
1189,20003504,2026-09-06,837112,815116
1190,20003508,2026-06-24,830455,815781
1191,20003509,2026-06-24,830647,814867
1192,20003510,2026-06-24,831278,815116
1193,20003511,2026-09-07,830660,814866
1194,20003513,2026-06-24,830533,815830
1195,20003514,2026-09-10,834037,816436
1196,20003515,2026-06-24,834508,816252
1197,20003517,2026-06-18,832271,816350
1198,20003518,2026-06-18,832386,816528
1199,20003519,2026-06-18,833932,816138
1200,20003522,2026-06-18,838036,814293
1201,20003523,2026-06-18,837357,813769
1202,20003524,2026-06-18,837074,813933
1203,20003525,2026-06-18,836576,814420
1204,20003526,2026-06-18,836526,814453
1205,20003527,2026-09-10,837091,813926
1206,20003528,2026-06-18,837358,813786
1207,20003529,2026-06-18,838018,814317
1208,20003532,2026-06-18,834722,820410
1209,20003543,2026-06-18,838294,816398
1210,20003545,2026-06-18,839144,816468
1211,20003546,2026-06-18,838494,816565
1212,20003547,2026-06-18,838161,816484
1213,20003550,2026-06-18,841360,815246
1214,20003551,2026-09-10,841337,815380
1215,20003552,2026-06-18,840858,815887
1216,20003553,2026-06-18,840890,815884
1217,20003559,2026-08-12,832780,816034
1218,20003562,2026-07-13,837844,816479
1219,20003563,2026-08-12,837881,816036
1220,20003565,2026-08-12,833479,815782
1221,20003566,2026-08-12,833160,815957
1222,20003567,2026-08-12,832612,816003
1223,20003568,2026-09-10,833215,815947
1224,20003569,2026-09-10,833545,815756
1225,20003570,2026-09-10,833835,815516
1226,20003571,2026-08-12,834495,815485
1227,20004002,2026-07-27,840835,811965
1228,20004009,2026-06-18,835193,822205
1229,20004013,2026-07-14,834406,821885
1230,20004016,2026-06-18,834817,822791
1231,20004100,2026-07-30,837207,814853
1232,20004101,2026-07-30,837249,814740
1233,20004102,2026-07-30,837427,814478
1234,20004103,2026-07-30,837736,814624
1235,20004105,2026-09-07,833069,816216
1236,20004106,2026-09-04,833547,815973
1237,20004107,2026-09-10,834385,816243
1238,20004114,2026-09-10,831515,814450
1239,20004115,2026-09-10,831812,812884
1240,20004116,2026-06-18,839485,816942
1241,20004117,2026-06-18,832169,812829
1242,20004118,2026-09-10,831825,812894
1243,20004126,2026-09-07,835871,820633
1244,20004127,2026-09-07,834372,821122
1245,20004131,2026-06-18,838214,822431
1246,20004134,2026-06-18,837949,822149
1247,20004135,2026-09-10,819968,833883
1248,20004140,2026-07-14,834538,821323
1249,20004141,2026-07-14,834095,821839
1250,20004142,2026-07-14,833577,822111
1251,20004143,2026-07-14,834238,821690
1252,20004145,2026-06-18,832204,821973
1253,20004151,2026-06-18,835844,835531
1254,20004152,2026-06-18,833351,835682
1255,20004153,2026-06-18,833542,836268
1256,20004154,2026-06-18,833809,836907
1257,20004155,2026-06-18,833817,838007
1258,20004156,2026-06-18,833613,838403
1259,20004157,2026-06-18,832483,838077
1260,20004158,2026-06-18,832401,838280
1261,20004159,2026-09-10,832346,838516
1262,20004160,2026-06-18,832369,838998
1263,20004161,2026-09-10,831976,839042
1264,20004162,2026-06-18,831779,839153
1265,20004163,2026-06-18,831539,839533
1266,20004164,2026-06-18,831227,839642
1267,20004165,2026-06-18,830953,839684
1268,20004166,2026-06-18,831218,839446
1269,20004167,2026-06-18,830972,839416
1270,20004168,2026-06-18,831259,839652
1271,20004169,2026-06-18,831623,839541
1272,20004170,2026-06-18,831808,839199
1273,20004171,2026-09-10,831982,839066
1274,20004172,2026-09-10,832381,839025
1275,20004173,2026-06-18,833661,838374
1276,20004174,2026-06-18,833829,838009
1277,20004176,2026-06-18,833822,836907
1278,20004177,2026-06-18,833763,836594
1279,20004178,2026-06-18,833491,836216
1280,20004179,2026-09-10,833370,836041
1281,20004180,2026-06-18,835858,835612
1282,20004183,2026-09-10,837642,819152
1283,20004184,2026-06-18,836849,819426
1284,20004186,2026-06-18,831461,813630
1285,20004189,2026-06-18,835300,818713
1286,20004190,2026-07-10,834407,819949
1287,20004199,2026-09-10,821217,833886
1288,20004200,2026-06-18,820812,834234
1289,20004201,2026-06-18,818337,835017
1290,20004207,2026-06-18,837339,818139
1291,20004208,2026-06-18,830258,824448
1292,20004210,2026-06-18,830204,824031
1293,20004211,2026-06-18,829895,824596
1294,20004212,2026-06-18,829882,824538
1295,20004213,2026-06-18,830189,824034
1296,20004214,2026-06-18,840785,821651
1297,20004215,2026-06-18,840858,821642
1298,20004216,2026-06-18,844526,822575
1299,20004217,2026-06-18,844590,822582
1300,20004218,2026-06-18,839502,826913
1301,20004504,2026-08-31,817811,825596
1302,20004505,2026-08-31,815896,826903
1303,20004512,2026-06-18,837144,820772
1304,20004514,2026-06-18,844703,819074
1305,20004519,2026-06-18,814115,826562
1306,20004520,2026-06-18,828651,823528
1307,20004528,2026-09-10,832615,838094
1308,20004529,2026-06-18,832708,839792
1309,20004530,2026-09-07,833047,839042
1310,20004532,2026-09-11,833121,838397
1311,20004533,2026-07-10,832412,838139
1312,20004539,2026-06-18,839499,843883
1313,20004541,2026-06-18,832815,816153
1314,20004542,2026-06-18,832986,816217
1315,20004544,2026-06-18,833724,815795
1316,20004545,2026-06-18,833929,815611
1317,20004546,2026-09-10,831557,815496
1318,20004547,2026-09-10,831496,814541
1319,20004549,2026-06-18,831146,814025
1320,20004552,2026-06-18,834008,815754
1321,20004553,2026-06-18,834098,815708
1322,20004557,2026-06-18,831413,813618
1323,20004558,2026-06-18,832461,812960
1324,20004559,2026-08-03,832071,813532
1325,20004560,2026-09-11,831982,813758
1326,20004561,2026-08-03,831697,814210
1327,20004563,2026-06-18,834264,815295
1328,20004564,2026-06-18,831719,814212
1329,20004565,2026-09-11,832002,813764
1330,20004566,2026-06-18,832439,812938
1331,20004567,2026-06-18,833997,811369
1332,20004568,2026-09-07,834303,811590
1333,20004571,2026-06-18,834269,815748
1334,20004572,2026-06-18,836890,815873
1335,20004573,2026-09-10,834315,811577
1336,20004576,2026-09-10,838163,811099
1337,20004578,2026-09-10,839209,808701
1338,20004583,2026-06-18,838906,816953
1339,20004588,2026-06-18,832169,812455
1340,20004589,2026-06-18,832058,812570
1341,20004590,2026-06-18,831433,815824
1342,20004591,2026-06-18,831115,815881
1343,20004593,2026-09-11,832075,812566
1344,20004594,2026-06-18,830806,814551
1345,20004596,2026-06-18,831152,814040
1346,20004600,2026-06-18,840005,808861
1347,20004603,2026-09-07,837341,811228
1348,20004604,2026-09-02,836464,811875
1349,20004605,2026-09-07,836467,811887
1350,20004609,2026-06-18,840388,808684
1351,20005001,2026-06-18,844714,832321
1352,20005002,2026-06-18,844716,832286
1353,20005003,2026-06-18,845139,831709
1354,20005007,2026-09-11,839549,827571
1355,20005008,2026-06-18,845460,831056
1356,20005009,2026-06-18,845451,831069
1357,20005010,2026-06-18,845807,830579
1358,20005011,2026-06-18,845793,830571
1359,20005012,2026-06-18,846680,829586
1360,20005013,2026-06-18,846670,829577
1361,20005015,2026-06-18,847119,829115
1362,20005016,2026-06-18,847107,829095
1363,20005017,2026-06-18,844047,824519
1364,20005018,2026-06-18,844699,822198
1365,20005021,2026-06-18,845130,819032
1366,20005022,2026-09-10,844881,819349
1367,20005023,2026-06-18,844633,819485
1368,20005032,2026-09-10,844512,820587
1369,20005036,2026-09-07,815690,830502
1370,20005037,2026-06-18,815944,830497
1371,20005039,2026-06-18,814689,829881
1372,20005041,2026-08-31,819495,825369
1373,20005044,2026-09-11,814746,829192
1374,20005045,2026-06-18,814390,829579
1375,20005046,2026-06-18,814676,830055
1376,20005056,2026-09-11,835604,815464
1377,20005085,2026-06-18,839675,816649
1378,20005086,2026-09-07,839743,816435
1379,20005087,2026-06-18,840135,816254
1380,20005088,2026-06-18,840053,816229
1381,20005089,2026-06-18,839896,816203
1382,20005090,2026-06-18,839717,816431
1383,20005094,2026-08-24,843163,820218
1384,20006002,2026-06-18,839690,821658
1385,20006003,2026-06-18,838287,823423
1386,20006005,2026-09-11,838227,821911
1387,20006016,2026-09-07,838293,822672
1388,20006029,2026-06-18,834688,819904
1389,20006035,2026-06-18,839113,822326
1390,20006049,2026-09-02,836884,822452
1391,20006050,2026-06-18,837311,822293
1392,20006052,2026-06-18,837144,820837
1393,20006054,2026-09-10,837192,820120
1394,20006055,2026-09-10,837450,819980
1395,20006057,2026-06-18,837121,818252
1396,20006058,2026-06-18,837187,818314
1397,20006060,2026-09-04,837561,819730
1398,20006061,2026-09-10,837421,820118
1399,20006062,2026-09-10,837314,820110
1400,20006066,2026-06-18,837403,822126
1401,20006070,2026-06-18,837385,819191
1402,20006074,2026-09-10,837090,818481
1403,20006076,2026-06-18,836723,819711
1404,20006077,2026-06-18,836737,819703
1405,20006078,2026-06-18,836835,820097
1406,20006085,2026-09-10,835731,819401
1407,20006090,2026-09-10,835014,820247
1408,20006092,2026-09-10,834764,820259
1409,20006093,2026-06-18,835873,819706
1410,20006094,2026-06-18,834737,820514
1411,20006095,2026-06-18,835328,818299
1412,20006099,2026-06-18,835341,818362
1413,20006100,2026-06-18,835474,817539
1414,20006101,2026-06-18,834930,819706
1415,20006102,2026-06-18,834911,819702
1416,20006105,2026-06-18,835714,817490
1417,20006552,2026-06-18,836334,835392
1418,20006553,2026-09-11,835273,834355
1419,20006554,2026-09-10,835366,834151
1420,20006555,2026-06-18,837336,835847
1421,20006556,2026-06-18,839589,836515
1422,20006557,2026-06-18,834073,834948
1423,20006559,2026-06-18,835375,834129
1424,20006560,2026-06-18,838259,832263
1425,20006561,2026-06-18,838695,828914
1426,20006601,2026-06-18,838326,827674
1427,20006602,2026-06-18,835510,820149
1428,20006610,2026-09-02,839099,827655
1429,20006621,2026-06-18,837831,826577
1430,20006624,2026-06-18,838093,826418
1431,20006627,2026-06-18,838775,829012
1432,20006900,2026-06-18,831283,814133
1433,20006901,2026-06-18,833100,812218
1434,20006905,2026-06-18,830236,815036
1435,20006906,2026-06-18,836131,812333
1436,20006911,2026-09-11,837091,814645
1437,20006914,2026-08-31,817389,825894
1438,20006915,2026-06-18,835168,821401
1439,20006918,2026-06-18,835585,817427
1440,20006919,2026-06-18,835425,817795
1441,20006936,2026-06-18,834793,812217
1442,20006937,2026-09-10,836607,815159
1443,20006938,2026-09-02,838996,809043
1444,20006944,2026-07-15,836950,815759
1445,20006946,2026-09-10,832865,815963
1446,20006948,2026-06-18,831612,816320
1447,20006949,2026-06-18,831941,816358
1448,20006957,2026-06-18,836618,836199
1449,20006958,2026-09-11,834666,815895
1450,20006961,2026-06-18,835648,820455
1451,20006972,2026-06-24,830685,815877
1452,20006977,2026-06-18,843985,818557
1453,20006978,2026-06-18,844839,818698
1454,20006979,2026-06-18,834371,816093
1455,20006990,2026-09-11,837332,821995
1456,20007008,2026-06-18,836689,819869
1457,20007017,2026-09-11,839575,820243
1458,20007019,2026-09-11,839450,820193
1459,20007022,2026-09-11,831084,816020
1460,20007025,2026-06-18,838940,822276
1461,20007034,2026-06-18,841006,819400
1462,20007038,2026-09-07,836215,812204
1463,20007046,2026-09-11,839830,831646
1464,20007047,2026-09-11,839834,831668
1465,20007048,2026-09-10,839487,831898
1466,20007049,2026-09-11,839548,831881
1467,20007050,2026-06-18,839451,832058
1468,20007057,2026-06-24,832908,816683
1469,20007059,2026-06-18,838588,823517
1470,20007062,2026-06-18,844473,832361
1471,20007066,2026-06-18,831424,815027
1472,20007067,2026-06-18,832906,816155
1473,20007068,2026-06-18,832966,816226
1474,20007069,2026-06-18,833887,815895
1475,20007070,2026-06-18,834002,815858
1476,20007072,2026-06-18,835114,818904
1477,20007073,2026-09-11,835148,818874
1478,20007074,2026-06-18,843746,818243
1479,20007075,2026-06-18,843742,818232
1480,20007079,2026-08-31,819720,824813
1481,20007080,2026-06-18,843074,840882
1482,20007088,2026-06-18,841385,830646
1483,20007089,2026-06-18,841451,830608
1484,20007091,2026-06-18,838859,832416
1485,20007092,2026-06-18,838974,832566
1486,20007094,2026-06-18,839027,832245
1487,20007095,2026-09-11,838986,832236
1488,20007097,2026-09-10,838970,832529
1489,20007102,2026-09-01,823859,833442
1490,20007107,2026-09-10,823855,833414
1491,20007117,2026-06-18,834051,834793
1492,20007118,2026-06-18,833907,834921
1493,20007138,2026-06-18,833593,835415
1494,20007139,2026-06-18,833916,834926
1495,20007140,2026-06-18,834050,834803
1496,20007152,2026-06-18,832314,813080
1497,20007153,2026-06-18,828761,826457
1498,20007154,2026-06-18,828814,826580
1499,20007155,2026-06-18,829378,826034
1500,20007156,2026-06-18,829482,826072
1501,20007203,2026-06-18,839255,820137
1502,20007204,2026-06-18,839104,820688
1503,20007218,2026-06-18,832899,838277
1504,20007219,2026-06-18,838756,822476
1505,20007223,2026-06-18,828841,826356
1506,20007224,2026-06-18,835340,819995
1507,20007225,2026-06-18,835545,820139
1508,20007228,2026-09-07,835260,834073
1509,20007229,2026-06-18,839456,830467
1510,20007250,2026-06-18,839151,821827
1511,20007251,2026-06-18,818390,837495
1512,20007253,2026-06-18,836665,826801
1513,20007259,2026-06-18,833303,840402
1514,20007260,2026-06-18,833182,841054
1515,20007261,2026-06-18,833313,840412
1516,20007262,2026-09-10,817000,835830
1517,20007263,2026-06-18,835556,819764
1518,20007274,2026-06-18,835555,819612
1519,20007275,2026-06-18,835514,819848
1520,20007285,2026-06-18,840705,837306
1521,20007287,2026-06-18,814974,826144
1522,20007288,2026-06-18,831047,839441
1523,20007289,2026-06-18,832603,839559
1524,20007291,2026-06-18,832278,839800
1525,20007292,2026-06-18,831593,840409
1526,20007293,2026-09-04,831375,840374
1527,20007295,2026-06-18,839322,837018
1528,20007310,2026-06-18,839043,832475
1529,20007311,2026-06-18,835872,812508
1530,20007312,2026-06-18,820515,834242
1531,20007313,2026-09-11,837076,815657
1532,20007314,2026-06-18,839983,808937
1533,20007328,2026-06-18,835456,834850
1534,20007329,2026-06-18,842174,820226
1535,20007331,2026-07-16,841168,820259
1536,20007334,2026-06-18,842332,820140
1537,20007336,2026-06-18,818224,833019
1538,20007348,2026-09-10,836663,819945
1539,20007352,2026-07-25,836712,819639
1540,20007353,2026-06-18,836658,819972
1541,20007363,2026-06-18,844731,826654
1542,20007364,2026-06-18,842451,824287
1543,20007365,2026-06-18,817612,835517
1544,20007375,2026-09-10,836202,826352
1545,20007390,2026-06-18,835672,824893
1546,20007395,2026-06-18,840378,820439
1547,20007399,2026-06-18,841815,820723
1548,20007401,2026-07-16,841877,820029
1549,20007402,2026-06-18,842218,819569
1550,20007405,2026-06-18,841795,820288
1551,20007408,2026-06-18,834721,815699
1552,20007409,2026-09-01,833921,815901
1553,20007412,2026-09-10,837019,818614
1554,20007415,2026-09-11,821710,834100
1555,20007429,2026-09-02,839485,820280
1556,20007435,2026-07-16,841788,820321
1557,20007437,2026-06-18,839368,820465
1558,20007448,2026-06-18,832245,812786
1559,20007449,2026-07-15,833395,812255
1560,20007450,2026-06-18,833627,812159
1561,20007451,2026-06-18,832304,812724
1562,20007464,2026-09-02,823498,833632
1563,20007465,2026-09-10,839550,827605
1564,20007470,2026-06-18,843837,832266
1565,20007471,2026-06-18,844453,832333
1566,20007472,2026-06-18,846958,829429
1567,20007473,2026-06-18,814674,830057
1568,20007481,2026-06-18,842144,820048
1569,20007482,2026-06-18,840176,835127
1570,20007525,2026-07-10,831117,840467
1571,20007535,2026-09-10,837256,819635
1572,20007536,2026-06-18,836766,820096
1573,20007537,2026-06-18,841263,830882
1574,20007539,2026-06-18,830020,826046
1575,20007541,2026-06-27,826882,833564
1576,20007542,2026-06-27,826267,833447
1577,20007543,2026-06-27,826256,833468
1578,20007558,2026-06-18,813001,819700
1579,20007561,2026-06-18,811319,817782
1580,20007562,2026-06-18,811055,817149
1581,20007563,2026-06-18,812216,817089
1582,20007564,2026-06-18,812470,816907
1583,20007565,2026-06-18,812788,816961
1584,20007566,2026-06-18,812889,817014
1585,20007567,2026-06-18,813082,817191
1586,20007568,2026-06-18,813085,817450
1587,20007569,2026-06-18,813233,817592
1588,20007570,2026-06-18,813102,817429
1589,20007571,2026-06-18,812891,817287
1590,20007572,2026-06-18,811037,817171
1591,20007574,2026-06-18,812919,819827
1592,20007576,2026-06-18,836962,832897
1593,20007577,2026-06-18,836948,832914
1594,20007583,2026-06-18,842400,813962
1595,20007587,2026-06-18,839017,830930
1596,20007588,2026-06-18,838851,830977
1597,20007589,2026-06-30,856309,824767
1598,20007590,2026-06-30,851306,828948
1599,20007591,2026-06-30,852978,826419
1600,20007592,2026-06-30,852967,826428
1601,20007593,2026-06-30,851236,828886
1602,20007612,2026-06-18,835967,818885
1603,20007617,2026-06-18,842831,832375
1604,20007618,2026-06-18,842891,832658
1605,20007619,2026-09-10,843061,832683
1606,20007620,2026-09-09,842841,832396
1607,20007622,2026-06-18,845738,826745
1608,20007623,2026-06-18,846031,827211
1609,20007627,2026-06-18,832790,839767
1610,20007628,2026-09-09,841155,830567
1611,20007652,2026-06-18,837942,835775
1612,20007653,2026-06-18,839068,835686
1613,20007654,2026-06-18,839567,836459
1614,20007656,2026-06-18,832424,816368
1615,20007658,2026-06-18,843137,814270
1616,20007670,2026-06-18,842162,819637
1617,20007671,2026-06-18,829044,824097
1618,20007672,2026-06-18,830972,824139
1619,20007673,2026-06-18,840160,827077
1620,20007674,2026-06-18,839447,826742
1621,20007675,2026-06-18,838837,827017
1622,20007676,2026-09-09,838735,832729
1623,20007677,2026-06-18,835762,834466
1624,20007678,2026-06-18,835442,833749
1625,20007679,2026-06-18,835209,833654
1626,20007680,2026-06-18,835469,833775
1627,20007681,2026-06-18,835753,834251
1628,20007682,2026-06-18,835741,834490
1629,20007683,2026-06-18,838802,832812
1630,20007685,2026-06-18,840083,827045
1631,20007686,2026-06-18,839275,827442
1632,20007687,2026-09-10,839928,828878
1633,20007688,2026-06-18,841186,830863
1634,20007689,2026-09-01,840767,829927
1635,20007690,2026-06-18,839300,827457
1636,20007691,2026-06-18,817717,833100
1637,20007692,2026-06-18,817634,832664
1638,20007693,2026-06-18,817835,832718
1639,20007694,2026-06-18,817951,833143
1640,20007695,2026-06-18,817897,833455
1641,20007696,2026-06-18,818398,834856
1642,20007697,2026-06-18,817683,835540
1643,20007698,2026-06-18,817952,833454
1644,20007708,2026-06-18,821770,832866
1645,20007709,2026-06-18,821887,833419
1646,20007712,2026-06-18,844900,819366
1647,20007713,2026-09-09,845165,819018
1648,20007714,2026-06-18,846247,816756
1649,20007715,2026-06-18,846333,816484
1650,20007716,2026-06-18,844658,820007
1651,20007719,2026-07-15,831583,813573
1652,20007724,2026-06-18,834929,819321
1653,20007726,2026-06-18,841055,815406
1654,20007736,2026-09-10,845742,819833
1655,20007740,2026-07-25,836785,819427
1656,20007744,2026-07-25,835794,820240
1657,20007753,2026-09-10,839294,822935
1658,20007758,2026-06-18,839706,822629
1659,20007761,2026-06-18,815123,828439
1660,20007762,2026-09-11,815690,830570
1661,20007780,2026-06-18,832657,840142
1662,20007788,2026-06-18,836818,842443
1663,20007809,2026-07-10,832829,839857
1664,20007810,2026-09-09,832327,839272
1665,20007811,2026-06-18,832308,839273
1666,20007817,2026-06-18,839784,822562
1667,20007819,2026-06-18,839679,822638
1668,20007823,2026-06-18,839544,822690
1669,20007835,2026-06-18,839204,822998
1670,20007851,2026-06-18,838891,823011
1671,20007863,2026-06-18,841648,820982
1672,20007864,2026-06-18,841659,820837
1673,20007872,2026-06-18,841295,820386
1674,20007874,2026-07-16,840802,820434
1675,20007875,2026-06-18,841001,820204
1676,20007876,2026-06-18,841118,820190
1677,20007877,2026-09-11,841804,820460
1678,20007878,2026-09-11,842156,820051
1679,20007879,2026-06-18,842166,820230
1680,20007886,2026-06-18,841808,820605
1681,20007949,2026-06-18,832309,838131
1682,20007955,2026-06-18,833077,838331
1683,20007984,2026-09-11,815306,829010
1684,20008020,2026-06-27,823511,833593
1685,20008023,2026-09-11,828993,824483
1686,20008024,2026-09-11,828953,824652
1687,20008050,2026-06-18,832391,825534
1688,20008051,2026-06-18,832408,825509
1689,20008083,2026-06-18,844133,818798
1690,20008085,2026-06-18,843197,832127
1691,20008089,2026-06-18,832133,826410
1692,20008090,2026-06-18,832712,825406
1693,20008091,2026-06-18,837685,826255
1694,20008096,2026-06-18,832531,825594
1695,20008097,2026-06-18,832499,825757
1696,20008100,2026-06-18,837736,816040
1697,20008116,2026-08-31,836832,815646
1698,20008117,2026-06-18,837565,810972
1699,20008118,2026-09-07,838513,811079
1700,20008119,2026-06-18,839207,809144
1701,20008124,2026-06-18,839177,808744
1702,20008125,2026-09-10,838981,809676
1703,20008126,2026-06-18,838751,810585
1704,20008127,2026-06-18,838437,811028
1705,20008128,2026-06-18,838203,811074
1706,20008129,2026-06-18,837885,810951
1707,20008144,2026-09-10,837586,810981
1708,20008149,2026-09-02,837934,811080
1709,20008182,2026-08-12,837689,815820
1710,20008188,2026-06-18,837765,819926
1711,20008189,2026-09-10,837867,820195
1712,20008192,2026-06-18,836410,821974
1713,20008215,2026-06-18,835034,833219
1714,20008216,2026-06-18,835006,833049
1715,20008217,2026-06-18,835029,833226
1716,20008220,2026-06-18,835002,833056
1717,20008221,2026-06-18,834998,833068
1718,20008222,2026-06-18,835013,833230
1719,20008223,2026-06-18,834998,833074
1720,20008225,2026-06-18,834914,832789
1721,20008226,2026-06-18,834916,832780
1722,20008227,2026-06-18,834915,832791
1723,20008229,2026-06-18,835553,835377
1724,20008230,2026-06-18,835819,835741
1725,20008231,2026-06-18,835896,835736
1726,20008232,2026-09-07,835611,835179
1727,20008233,2026-09-11,835282,835191
1728,20008249,2026-06-18,835770,835278
1729,20008251,2026-06-18,836597,836072
1730,20008252,2026-06-18,836645,835940
1731,20008253,2026-06-18,836618,835784
1732,20008254,2026-06-18,836645,835801
1733,20008255,2026-06-18,836664,835930
1734,20008256,2026-06-18,836615,836087
1735,20008257,2026-06-18,835619,835211
1736,20008258,2026-06-18,836010,835155
1737,20008259,2026-06-18,836653,835522
1738,20008260,2026-06-18,837029,835752
1739,20008261,2026-06-18,838392,835573
1740,20008262,2026-06-18,839196,835524
1741,20008263,2026-06-18,839748,835317
1742,20008264,2026-06-18,835689,835194
1743,20008271,2026-06-18,838364,835556
1744,20008272,2026-06-18,837045,835723
1745,20008273,2026-06-18,836637,835501
1746,20008277,2026-06-18,839453,836138
1747,20008278,2026-09-11,839259,836639
1748,20008279,2026-06-18,838951,836557
1749,20008284,2026-06-18,839449,836090
1750,20008287,2026-06-18,839597,836606
1751,20008288,2026-06-18,839767,836795
1752,20008289,2026-06-18,840001,837094
1753,20008290,2026-06-18,840223,837073
1754,20008291,2026-06-18,840641,836774
1755,20008292,2026-06-18,840985,836873
1756,20008293,2026-06-18,841342,836912
1757,20008294,2026-06-18,841634,836956
1758,20008295,2026-06-18,841912,837012
1759,20008314,2026-06-18,841915,836990
1760,20008315,2026-06-18,841628,836935
1761,20008316,2026-06-18,841338,836892
1762,20008317,2026-06-18,840949,836836
1763,20008318,2026-06-18,840639,836753
1764,20008319,2026-06-18,840196,837074
1765,20008320,2026-06-18,840017,837085
1766,20008321,2026-06-18,839775,836788
1767,20008330,2026-06-18,842826,837864
1768,20008331,2026-06-18,843156,838584
1769,20008332,2026-06-18,842898,839424
1770,20008333,2026-06-18,842477,840286
1771,20008338,2026-06-18,842432,840370
1772,20008339,2026-06-18,842952,839345
1773,20008340,2026-06-18,843013,838812
1774,20008341,2026-06-18,842675,837696
1775,20008380,2026-09-11,835555,819345
1776,20008381,2026-06-18,837020,819491
1777,20008382,2026-06-18,836966,820092
1778,20008388,2026-06-18,836977,820103
1779,20008413,2026-09-11,833676,835287
1780,20008423,2026-06-18,834593,834570
1781,20008428,2026-06-18,838362,836314
1782,20008430,2026-06-18,834640,835000
1783,20008446,2026-06-18,834948,835026
1784,20008479,2026-06-18,840308,820300
1785,20008513,2026-06-18,838636,821952
1786,20008514,2026-09-10,839066,821816
1787,20008515,2026-06-18,840022,821360
1788,20008521,2026-06-18,838561,821496
1789,20008525,2026-06-18,840066,821443
1790,20008526,2026-06-18,840120,821388
1791,20008527,2026-06-18,840164,821403
1792,20008529,2026-06-18,840072,821444
1793,20008596,2026-06-18,821439,833463
1794,20008644,2026-08-31,816064,827651
1795,20008711,2026-08-31,816352,826542
1796,20008743,2026-06-18,833391,821831
1797,20008776,2026-09-11,839043,832472
1798,20008783,2026-09-11,835875,834105
1799,20008787,2026-09-11,835702,834140
1800,20008814,2026-06-18,835440,834639
1801,20008822,2026-06-18,835765,834494
1802,20008832,2026-06-18,835442,833755
1803,20008856,2026-06-18,835261,834360
1804,20008866,2026-06-18,838959,832602
1805,20008983,2026-06-18,841361,830656
1806,20009019,2026-09-10,838813,832451
1807,20009073,2026-06-18,839699,831842
1808,20009074,2026-09-10,839529,832153
1809,20009112,2026-06-18,838801,832452
1810,20009114,2026-06-18,830353,824321
1811,20009119,2026-06-18,830322,824761
1812,20009128,2026-06-18,830996,824161
1813,20009132,2026-08-26,830356,825462
1814,20009134,2026-08-26,829148,826158
1815,20009140,2026-06-18,834966,819558
1816,20009176,2026-06-18,833624,838384
1817,20009182,2026-06-18,838549,816459
1818,20009183,2026-06-18,838378,816476
1819,20009184,2026-06-18,838250,816227
1820,20009185,2026-06-18,838550,816473
1821,20009187,2026-06-18,834883,834729
1822,20009205,2026-06-18,839475,822765
1823,20009272,2026-06-18,838194,826980
1824,20009273,2026-08-31,817350,825830
1825,20009274,2026-06-18,839481,826871
1826,20009312,2026-08-31,817581,825837
1827,20009314,2026-08-31,818012,826267
1828,20009315,2026-08-31,817570,825811
1829,20009338,2026-06-18,842324,813690
1830,20009370,2026-06-18,834317,815077
1831,20009376,2026-06-18,834975,814960
1832,20009406,2026-06-18,840979,815943
1833,20009407,2026-06-18,842776,813900
1834,20009412,2026-06-18,835792,820339
1835,20009413,2026-06-18,831243,823792
1836,20009416,2026-06-18,829022,824235
1837,20009418,2026-06-18,829236,823789
1838,20009420,2026-06-18,831119,822962
1839,20009421,2026-06-18,844069,824515
1840,20009436,2026-09-11,817494,834165
1841,20009470,2026-06-18,817519,834126
1842,20009503,2026-08-31,816345,826533
1843,20009504,2026-06-18,839351,809092
1844,20009505,2026-09-10,839339,809083
1845,20009506,2026-09-10,839200,809291
1846,20009536,2026-06-18,839404,830484
1847,20009539,2026-06-18,838657,831636
1848,20009568,2026-08-31,843739,813787
1849,20009602,2026-06-18,831090,822985
1850,20009667,2026-06-18,835632,821234
1851,20009668,2026-06-18,835600,821453
1852,20009669,2026-06-18,835511,821569
1853,20009670,2026-06-18,835283,821755
1854,20009674,2026-06-18,835586,821526
1855,20009675,2026-06-18,836220,820752
1856,20009676,2026-06-18,835657,820505
1857,20009700,2026-06-18,842633,813412
1858,20009733,2026-06-18,831327,815832
1859,20009736,2026-06-18,831461,813630
1860,20009766,2026-09-10,830924,814781
1861,20009799,2026-06-18,831697,813053
1862,20009804,2026-06-18,835222,812082
1863,20009805,2026-06-18,832050,812998
1864,20009810,2026-06-18,831756,813689
1865,20009832,2026-06-18,834084,812248
1866,20009865,2026-06-18,833463,812490
1867,20009868,2026-06-18,833400,812247
1868,20009870,2026-06-18,834017,812098
1869,20009898,2026-06-18,837610,819264
1870,20009901,2026-06-18,836232,818245
1871,20009903,2026-06-18,821194,834088
1872,20009904,2026-06-18,835507,818249
1873,20009931,2026-06-18,833528,812601
1874,20009966,2026-08-24,841532,820552
1875,20009967,2026-08-24,841158,820275
1876,20009972,2026-06-18,843329,820059
1877,20009974,2026-06-18,841533,820540
1878,20009975,2026-06-18,841174,820265
1879,20009976,2026-06-18,841084,820085
1880,20009977,2026-06-18,841043,819999
1881,20009978,2026-06-18,841039,819762
1882,20009979,2026-09-11,840704,819588
1883,20010003,2026-08-24,839446,820232
1884,20010007,2026-08-24,841275,820395
1885,20010030,2026-09-11,832343,813293
1886,20010034,2026-06-18,832319,813291
1887,20010063,2026-06-18,837129,818215
1888,20010064,2026-06-18,835009,818583
1889,20010065,2026-07-02,837363,819310
1890,20010066,2026-06-18,835364,818132
1891,20010067,2026-06-18,835154,818173
1892,20010098,2026-06-18,839750,835308
1893,20010099,2026-06-18,839183,835517
1894,20010130,2026-06-18,841368,820795
1895,20010132,2026-06-18,839645,821698
1896,20010135,2026-09-10,840886,821408
1897,20010163,2026-06-18,836200,826350
1898,20010164,2026-06-18,837723,828874
1899,20010195,2026-06-18,832377,825687
1900,20010231,2026-07-14,834589,821433
1901,20010246,2026-07-14,834362,821109
1902,20010261,2026-06-18,832206,812702
1903,20010264,2026-06-18,832083,813498
1904,20010271,2026-06-18,834062,811612
1905,20010272,2026-06-18,833463,811708
1906,20010276,2026-06-18,832051,812718
1907,20010277,2026-06-18,832107,812499
1908,20010278,2026-09-11,832311,812561
1909,20010300,2026-06-18,836879,815368
1910,20010301,2026-06-18,837114,814541
1911,20010302,2026-06-18,837230,814454
1912,20010308,2026-06-18,837274,814350
1913,20010309,2026-06-18,837051,814309
1914,20010310,2026-06-18,836993,814356
1915,20010312,2026-06-18,837179,815492
1916,20010327,2026-06-18,830252,824184
1917,20010360,2026-06-18,835607,820047
1918,20010361,2026-06-18,835633,819857
1919,20010362,2026-06-18,836026,819828
1920,20010393,2026-06-18,836762,822623
1921,20010394,2026-06-18,836883,822670
1922,20010395,2026-06-18,836930,822551
1923,20010400,2026-06-18,837574,818456
1924,20010401,2026-06-18,837485,818079
1925,20010403,2026-06-18,837044,822413
1926,20010412,2026-06-18,837363,821845
1927,20010413,2026-06-18,837148,820166
1928,20010421,2026-06-18,837178,818650
1929,20010425,2026-06-18,837340,821598
1930,20010426,2026-06-18,837353,821831
1931,20010431,2026-06-18,836852,822335
1932,20010432,2026-06-18,837317,821370
1933,20010446,2026-06-18,836671,822461
1934,20010447,2026-06-18,837171,818005
1935,20010449,2026-06-18,837360,819331
1936,20010450,2026-06-18,837147,820144
1937,20010463,2026-09-11,836731,818360
1938,20010466,2026-06-18,835894,818530
1939,20010467,2026-06-18,835899,818511
1940,20010526,2026-09-11,840702,819520
1941,20010530,2026-06-18,839862,821080
1942,20010574,2026-06-18,841842,819047
1943,20010579,2026-06-18,839018,821825
1944,20010587,2026-09-10,838907,821807
1945,20010616,2026-09-10,843826,820396
1946,20010625,2026-06-18,842193,814159
1947,20010662,2026-06-18,837431,828975
1948,20010663,2026-09-11,837643,828872
1949,20010665,2026-06-18,839012,828861
1950,20010669,2026-06-18,838695,828882
1951,20010671,2026-06-18,838060,828728
1952,20010674,2026-06-18,815743,829238
1953,20010676,2026-06-18,815720,829260
1954,20010690,2026-09-11,815012,829859
1955,20010694,2026-06-18,814404,828630
1956,20010695,2026-09-01,837378,827122
1957,20010720,2026-06-18,837442,828859
1958,20010762,2026-06-18,837511,828855
1959,20010771,2026-06-18,815211,828973
1960,20010773,2026-09-07,815687,830574
1961,20010781,2026-06-18,830056,826007
1962,20010789,2026-06-18,837422,818547
1963,20010824,2026-06-18,837261,828875
1964,20010825,2026-06-18,837389,828846
1965,20010903,2026-06-18,831968,834372
1966,20010917,2026-06-18,831690,834037
1967,20010993,2026-06-18,831013,833469
1968,20011017,2026-06-18,831214,833618
1969,20011020,2026-06-18,831382,833801
1970,20011048,2026-06-18,832248,834587
1971,20011059,2026-06-18,843704,813863
1972,20011060,2026-06-18,843766,813811
1973,20011061,2026-06-18,843995,813975
1974,20011062,2026-06-18,843338,814109
1975,20011063,2026-06-18,843202,814066
1976,20011064,2026-09-11,843029,813981
1977,20011065,2026-06-18,842954,813919
1978,20011066,2026-09-01,842742,813819
1979,20011068,2026-06-18,832570,834965
1980,20011082,2026-06-18,832700,835108
1981,20011097,2026-06-18,832912,835338
1982,20011123,2026-06-18,835053,834407
1983,20011124,2026-06-18,835172,834453
1984,20011133,2026-06-18,833351,836021
1985,20011137,2026-06-18,843466,813839
1986,20011139,2026-06-18,833575,836680
1987,20011163,2026-09-10,843202,814066
1988,20011195,2026-06-18,843729,813831
1989,20011197,2026-06-18,835116,834169
1990,20011200,2026-06-18,833721,836512
1991,20011204,2026-06-18,833971,837324
1992,20011210,2026-06-18,834051,837865
1993,20011235,2026-09-09,835342,812159
1994,20011237,2026-06-18,833898,812241
1995,20011238,2026-06-18,836286,812191
1996,20011239,2026-06-18,836594,812315
1997,20011240,2026-06-18,836920,812189
1998,20011241,2026-06-18,837054,812344
1999,20011242,2026-06-18,837724,813164
2000,20011243,2026-06-18,837878,813331
2001,20011244,2026-06-18,837516,813821
2002,20011246,2026-06-18,836860,815734
2003,20011247,2026-06-18,836934,815797
2004,20011259,2026-06-18,837193,813823
2005,20011260,2026-06-18,837817,813463
2006,20011261,2026-06-18,837770,813132
2007,20011262,2026-06-18,837049,812388
2008,20011263,2026-06-18,836903,812178
2009,20011264,2026-06-18,836596,812309
2010,20011265,2026-06-18,836295,812181
2011,20011266,2026-06-18,836155,812217
2012,20011267,2026-06-18,835919,812337
2013,20011278,2026-06-18,843824,813721
2014,20011279,2026-09-10,840813,816034
2015,20011281,2026-09-11,831633,813685
2016,20011282,2026-09-10,831298,814378
2017,20011289,2026-06-18,839704,816481
2018,20011305,2026-06-18,837235,820683
2019,20011308,2026-06-18,836891,820498
2020,20011318,2026-06-18,834259,812338
2021,20011333,2026-06-18,831497,833887
2022,20011343,2026-06-18,836517,815440
2023,20011344,2026-06-18,836134,812353
2024,20011347,2026-06-18,836389,815414
2025,20011348,2026-06-18,836261,815339
2026,20011349,2026-06-18,836051,815344
2027,20011350,2026-09-11,836956,815843
2028,20011351,2026-06-18,831239,814307
2029,20011352,2026-06-18,831882,813687
2030,20011368,2026-06-18,836889,820534
2031,20011369,2026-06-18,837315,820765
2032,20011371,2026-06-18,839255,817034
2033,20011376,2026-06-18,839652,816714
2034,20011384,2026-06-18,840295,816200
2035,20011395,2026-09-10,840895,815951
2036,20011419,2026-06-18,841598,815321
2037,20011474,2026-06-18,843369,814108
2038,20011476,2026-06-18,836125,812353
2039,20011479,2026-06-18,835173,812180
2040,20011481,2026-06-18,834003,812232
2041,20011485,2026-08-27,842898,815163
2042,20011486,2026-06-18,842998,814331
2043,20011487,2026-08-31,843382,814419
2044,20011491,2026-06-18,843918,814047
2045,20011498,2026-06-18,843989,813849
2046,20011499,2026-06-18,843513,814205
2047,20011505,2026-06-18,843376,814414
2048,20011521,2026-06-18,842888,814397
2049,20011536,2026-06-18,843861,814177
2050,20011544,2026-06-18,842987,814390
2051,20011547,2026-06-18,843174,814350
2052,20011567,2026-06-18,834049,812351
2053,20011569,2026-09-10,836466,815097
2054,20011571,2026-06-18,835867,815061
2055,20011572,2026-06-18,835813,815143
2056,20011573,2026-09-10,835776,815281
2057,20011574,2026-06-18,835568,815386
2058,20011588,2026-06-18,836258,815353
2059,20011589,2026-06-18,835962,815319
2060,20011591,2026-06-18,836453,815445
2061,20011592,2026-06-18,836629,815148
2062,20011599,2026-09-11,834073,812208
2063,20011612,2026-06-18,833967,837326
2064,20011613,2026-09-09,834891,812200
2065,20011614,2026-06-18,833062,835546
2066,20011615,2026-06-18,832900,835318
2067,20011616,2026-06-18,832736,835140
2068,20011617,2026-06-18,832561,834933
2069,20011618,2026-06-18,832243,834572
2070,20011619,2026-06-18,831519,833881
2071,20011620,2026-06-18,831394,833793
2072,20011621,2026-06-18,831233,833624
2073,20011622,2026-06-18,831732,834113
2074,20011623,2026-06-18,831982,834408
2075,20011624,2026-09-10,840381,816177
2076,20011625,2026-06-18,835796,815301
2077,20011626,2026-06-18,842242,814345
2078,20011628,2026-06-18,836039,815310
2079,20011631,2026-06-18,835678,815199
2080,20011642,2026-06-18,834029,812232
2081,20011646,2026-09-11,834183,812529
2082,20011680,2026-06-18,834618,834592
2083,20011681,2026-06-18,833698,837305
2084,20011683,2026-06-18,835114,834165
2085,20011684,2026-06-18,835071,834377
2086,20011685,2026-06-18,836366,828740
2087,20011686,2026-06-18,833905,836953
2088,20011688,2026-06-18,843320,814013
2089,20011691,2026-06-18,814458,829821
2090,20011693,2026-06-18,814400,829780
2091,20011698,2026-06-30,825793,840929
2092,20011704,2026-06-18,814282,826073
2093,20011705,2026-06-18,814562,826016
2094,20011727,2026-06-18,835258,810820
2095,20011729,2026-09-07,835180,812182
2096,20011779,2026-06-18,831354,815735
2097,20011781,2026-07-02,835930,818303
2098,20011812,2026-08-31,815337,828423
2099,20011845,2026-06-18,820323,833761
2100,20011878,2026-06-18,837019,814486
2101,20011946,2026-09-10,830902,826297
2102,20011947,2026-06-18,830630,825425
2103,20011948,2026-06-18,830593,825402
2104,20011949,2026-06-18,830538,825842
2105,20011950,2026-06-18,830880,826307
2106,20011951,2026-06-18,832139,826484
2107,20011952,2026-06-18,829583,825992
2108,20011954,2026-06-18,830201,825551
2109,20011955,2026-06-18,830493,825378
2110,20011956,2026-06-18,830747,825454
2111,20011957,2026-06-18,830856,825416
2112,20011958,2026-09-11,831686,825346
2113,20011959,2026-06-18,831643,824773
2114,20011960,2026-09-11,831370,824637
2115,20011961,2026-06-18,829939,825684
2116,20011977,2026-06-18,830775,826282
2117,20011978,2026-06-18,832094,826497
2118,20011979,2026-06-18,832102,826290
2119,20011980,2026-06-18,831914,825674
2120,20011981,2026-06-18,831818,825326
2121,20011982,2026-06-18,831511,824347
2122,20011983,2026-06-18,831293,824162
2123,20011984,2026-06-18,830919,824659
2124,20011985,2026-09-07,831186,824815
2125,20011986,2026-06-18,830931,824648
2126,20011987,2026-09-11,831006,824298
2127,20011988,2026-06-18,831583,824856
2128,20011989,2026-09-11,832382,825442
2129,20011991,2026-06-18,832865,827265
2130,20011992,2026-09-11,831004,824292
2131,20012010,2026-06-18,835106,821981
2132,20012011,2026-06-18,835093,821756
2133,20012012,2026-06-18,834954,821577
2134,20012013,2026-06-18,835311,821672
2135,20012014,2026-06-18,835389,821928
2136,20012015,2026-06-18,835326,821940
2137,20012043,2026-06-29,842913,818194
2138,20012044,2026-06-29,842748,818173
2139,20012045,2026-06-29,842637,818247
2140,20012046,2026-06-29,842699,818782
2141,20012047,2026-06-29,842213,818825
2142,20012049,2026-06-29,840926,819544
2143,20012050,2026-06-29,840227,820112
2144,20012051,2026-06-29,839515,820891
2145,20012052,2026-06-29,835740,817693
2146,20012053,2026-06-29,835867,817703
2147,20012054,2026-06-29,835937,817761
2148,20012055,2026-06-29,835916,817885
2149,20012056,2026-06-29,836071,817925
2150,20012057,2026-06-29,839303,820942
2151,20012058,2026-06-29,840525,819741
2152,20012059,2026-06-29,840931,819554
2153,20012060,2026-06-18,841236,819490
2154,20012061,2026-06-29,842187,818840
2155,20012062,2026-06-29,842590,818420
2156,20012063,2026-06-29,842690,818853
2157,20012064,2026-06-29,842664,818939
2158,20012065,2026-06-29,842599,819085
2159,20012066,2026-06-29,842712,819333
2160,20012068,2026-09-10,842738,819338
2161,20012069,2026-09-10,842686,819305
2162,20012070,2026-06-29,842606,819107
2163,20012071,2026-06-29,842693,818636
2164,20012072,2026-06-29,842761,818182
2165,20012073,2026-06-29,842687,818904
2166,20012074,2026-06-29,842600,818401
2167,20012075,2026-06-18,842190,819345
2168,20012076,2026-06-18,842111,819312
2169,20012077,2026-06-18,842060,819284
2170,20012078,2026-06-18,841951,819259
2171,20012079,2026-06-18,841911,819260
2172,20012080,2026-06-18,841838,819285
2173,20012081,2026-06-18,841755,819243
2174,20012082,2026-06-18,841842,819210
2175,20012083,2026-06-18,841687,819465
2176,20012084,2026-06-18,841677,819563
2177,20012085,2026-06-18,841667,819630
2178,20012086,2026-06-18,841585,819902
2179,20012087,2026-09-11,841348,819664
2180,20012089,2026-06-18,841556,819216
2181,20012090,2026-06-18,841658,819194
2182,20012091,2026-06-18,841746,819381
2183,20012092,2026-06-18,841818,819308
2184,20012093,2026-06-18,841923,819268
2185,20012094,2026-06-18,841969,819273
2186,20012095,2026-06-18,842046,819292
2187,20012096,2026-06-18,842098,819318
2188,20012098,2026-06-18,841808,819312
2189,20012109,2026-06-18,839129,821459
2190,20012110,2026-07-10,837758,820952
2191,20012111,2026-06-18,837643,821099
2192,20012112,2026-09-10,837903,821398
2193,20012113,2026-06-18,838032,821553
2194,20012115,2026-06-18,837952,822098
2195,20012117,2026-06-18,838760,822000
2196,20012119,2026-06-18,839130,821451
2197,20012122,2026-06-18,833138,840225
2198,20012123,2026-06-18,831930,840373
2199,20012124,2026-09-04,831603,840608
2200,20012125,2026-09-04,831198,840248
2201,20012126,2026-09-04,831233,840380
2202,20012127,2026-06-18,831588,840626
2203,20012128,2026-09-10,832950,840300
2204,20012129,2026-06-18,833978,840569
2205,20012131,2026-09-04,833964,840568
2206,20012134,2026-06-18,831504,840144
2207,20012135,2026-06-18,835958,818830
2208,20012136,2026-06-18,836130,818870
2209,20012140,2026-06-18,831918,841794
2210,20012141,2026-06-18,832063,840961
2211,20012142,2026-06-18,831603,840223
2212,20012176,2026-06-18,835318,821941
2213,20012208,2026-06-18,829450,825464
2214,20012209,2026-06-18,829819,825948
2215,20012210,2026-06-18,831037,824316
2216,20012241,2026-06-18,836995,815493
2217,20012242,2026-06-18,837110,815452
2218,20012244,2026-06-18,836537,814449
2219,20012245,2026-06-18,836812,814371
2220,20012246,2026-06-18,837004,813868
2221,20012247,2026-06-18,836838,814121
2222,20012248,2026-06-18,836668,814164
2223,20012249,2026-06-18,836556,814132
2224,20012250,2026-06-18,836995,814119
2225,20012251,2026-06-18,837080,813918
2226,20012252,2026-06-18,836786,814251
2227,20012253,2026-06-18,836787,814385
2228,20012255,2026-09-09,836634,815256
2229,20012257,2026-06-18,836580,814419
2230,20012258,2026-09-10,836855,815384
2231,20012259,2026-06-18,836195,814835
2232,20012274,2026-08-13,830806,840174
2233,20012275,2026-08-13,830574,839590
2234,20012276,2026-08-13,830120,838956
2235,20012279,2026-08-13,830120,838985
2236,20012280,2026-08-13,830361,839262
2237,20012281,2026-06-18,830775,840213
2238,20012282,2026-06-18,829656,837904
2239,20012283,2026-06-18,829379,837233
2240,20012284,2026-06-18,828707,837427
2241,20012285,2026-06-18,829470,837360
2242,20012286,2026-06-18,829659,837998
2243,20012287,2026-06-18,830534,839545
2244,20012288,2026-08-13,830775,840215
2245,20012289,2026-06-18,830692,839014
2246,20012307,2026-06-18,832485,820401
2247,20012308,2026-06-18,832802,821138
2248,20012309,2026-06-18,833395,821468
2249,20012310,2026-06-18,833644,821785
2250,20012311,2026-09-10,833441,821933
2251,20012312,2026-06-18,833250,821934
2252,20012315,2026-06-18,829744,825004
2253,20012316,2026-09-11,833484,821557
2254,20012317,2026-06-18,832810,821120
2255,20012318,2026-09-10,833344,821896
2256,20012319,2026-06-18,828192,823745
2257,20012320,2026-06-18,828236,823807
2258,20012321,2026-06-18,818612,825224
2259,20012340,2026-06-18,833369,822004
2260,20012341,2026-06-18,833331,821639
2261,20012342,2026-06-18,833292,821016
2262,20012343,2026-06-18,833360,822001
2263,20012344,2026-06-18,833817,821993
2264,20012345,2026-06-18,833920,822355
2265,20012346,2026-06-18,834222,822103
2266,20012347,2026-06-18,834311,821984
2267,20012348,2026-06-18,834140,822062
2268,20012350,2026-07-19,840532,821742
2269,20012351,2026-06-18,839541,821648
2270,20012352,2026-06-18,840300,821771
2271,20012353,2026-07-19,840528,821750
2272,20012354,2026-06-18,840106,822145
2273,20012355,2026-09-11,840159,822040
2274,20012356,2026-06-18,840103,822150
2275,20012357,2026-06-18,840022,822274
2276,20012358,2026-06-18,840102,822131
2277,20012359,2026-06-18,840018,822279
2278,20012360,2026-08-17,839690,821666
2279,20012361,2026-09-10,840344,821614
2280,20012373,2026-06-18,831881,816173
2281,20012374,2026-06-18,838071,823076
2282,20012375,2026-06-18,837773,823040
2283,20012376,2026-09-11,838007,822910
2284,20012378,2026-09-11,838020,822889
2285,20012379,2026-06-18,837781,823049
2286,20012380,2026-06-18,838087,823076
2287,20012381,2026-06-18,837363,821496
2288,20012382,2026-06-18,837666,821574
2289,20012383,2026-06-18,837765,821732
2290,20012384,2026-09-11,838053,821716
2291,20012385,2026-06-18,838063,822026
2292,20012386,2026-06-18,837364,822390
2293,20012387,2026-06-18,837185,822393
2294,20012388,2026-06-18,837326,822293
2295,20012390,2026-06-18,837564,821709
2296,20012391,2026-06-18,832138,826549
2297,20012392,2026-06-18,837405,827224
2298,20012393,2026-06-18,838381,827007
2299,20012394,2026-06-18,838402,826719
2300,20012395,2026-06-18,838247,826488
2301,20012396,2026-06-18,838264,826269
2302,20012397,2026-06-18,838306,826377
2303,20012398,2026-06-18,838193,825942
2304,20012399,2026-09-10,838254,826333
2305,20012400,2026-06-18,838236,826474
2306,20012401,2026-06-18,838416,826727
2307,20012402,2026-06-18,838362,827003
2308,20012406,2026-06-18,834983,819976
2309,20012407,2026-06-18,835783,820348
2310,20012408,2026-06-18,835714,820065
2311,20012409,2026-06-18,835286,819983
2312,20012410,2026-06-18,834981,819953
2313,20012411,2026-06-18,834882,819589
2314,20012412,2026-06-18,839687,822392
2315,20012413,2026-06-18,839560,822442
2316,20012415,2026-06-18,838660,822190
2317,20012416,2026-06-18,838221,822229
2318,20012417,2026-06-18,838192,822433
2319,20012418,2026-06-18,840022,827126
2320,20012419,2026-06-18,839606,826725
2321,20012420,2026-06-18,839206,827005
2322,20012421,2026-09-09,839425,822327
2323,20012422,2026-06-18,839593,822450
2324,20012423,2026-06-18,839703,822407
2325,20012424,2026-06-18,840059,826896
2326,20012425,2026-06-18,840342,829242
2327,20012426,2026-09-11,840890,829616
2328,20012427,2026-06-30,835476,820364
2329,20012428,2026-09-11,835542,820229
2330,20012429,2026-06-30,835720,820180
2331,20012430,2026-09-09,836457,821597
2332,20012431,2026-06-30,826134,840585
2333,20012432,2026-06-18,841583,830968
2334,20012434,2026-06-29,836486,821604
2335,20012436,2026-09-01,841620,820592
2336,20012437,2026-06-18,841430,821330
2337,20012438,2026-06-18,840975,821422
2338,20012439,2026-06-18,841314,821274
2339,20012440,2026-06-18,841327,821164
2340,20012441,2026-06-18,841200,820996
2341,20012443,2026-06-18,845760,826846
2342,20012444,2026-09-10,845404,826597
2343,20012445,2026-06-18,845009,826198
2344,20012472,2026-06-18,845048,822153
2345,20012473,2026-06-18,840843,821353
2346,20012474,2026-08-31,845044,822167
2347,20012475,2026-06-18,840974,821448
2348,20012476,2026-06-18,841178,820998
2349,20012477,2026-06-18,841283,821126
2350,20012478,2026-06-18,840840,821325
2351,20012479,2026-06-18,844681,822383
2352,20012480,2026-06-18,843948,824108
2353,20012481,2026-06-18,845054,826275
2354,20012482,2026-06-18,845378,826577
2355,20012483,2026-06-18,845682,826836
2356,20012484,2026-06-18,845503,820173
2357,20012485,2026-06-18,845755,820294
2358,20012487,2026-06-18,844683,822330
2359,20012488,2026-06-18,843996,822698
2360,20012489,2026-06-18,842971,821862
2361,20012490,2026-06-18,841793,821718
2362,20012491,2026-06-18,840769,821634
2363,20012492,2026-09-10,839334,821959
2364,20012493,2026-06-18,840824,821652
2365,20012494,2026-06-18,842273,821595
2366,20012495,2026-06-18,844244,822741
2367,20012496,2026-09-10,844766,821956
2368,20012497,2026-06-18,845760,820251
2369,20012498,2026-06-18,845941,819779
2370,20012506,2026-06-18,843942,822677
2371,20012507,2026-09-10,841818,821697
2372,20012538,2026-06-18,841826,819299
2373,20012539,2026-06-18,842200,819343
2374,20012540,2026-06-18,835689,817459
2375,20012571,2026-06-18,841366,819372
2376,20012572,2026-06-18,842062,831669
2377,20012574,2026-06-18,841963,831616
2378,20012575,2026-09-10,841612,831396
2379,20012576,2026-06-18,841713,831030
2380,20012604,2026-06-18,834721,840377
2381,20012606,2026-06-18,836629,815187
2382,20012637,2026-06-18,814546,827305
2383,20012638,2026-06-18,814343,826618
2384,20012639,2026-06-18,815060,827088
2385,20012640,2026-06-18,815253,827124
2386,20012641,2026-06-18,815286,827034
2387,20012642,2026-06-18,815593,827080
2388,20012643,2026-06-18,816029,827612
2389,20012644,2026-06-18,815863,827796
2390,20012645,2026-06-18,815621,827062
2391,20012646,2026-06-18,815073,827085
2392,20012647,2026-06-18,814316,826606
2393,20012670,2026-06-18,815147,830540
2394,20012671,2026-09-11,814720,830121
2395,20012672,2026-06-18,815146,830531
2396,20012703,2026-09-10,838295,821701
2397,20012704,2026-06-18,838200,821792
2398,20012705,2026-09-10,838446,822681
2399,20012706,2026-06-18,838401,822957
2400,20012707,2026-06-18,838403,823004
2401,20012708,2026-06-18,838636,823394
2402,20012709,2026-06-18,838970,823285
2403,20012710,2026-06-18,838993,823111
2404,20012711,2026-06-18,838636,823134
2405,20012712,2026-06-18,838484,823031
2406,20012713,2026-09-10,838437,822705
2407,20012714,2026-06-18,838300,821705
2408,20012715,2026-06-18,838039,822041
2409,20012716,2026-06-18,837896,822248
2410,20012717,2026-07-10,838214,822068
2411,20012718,2026-07-10,838088,821880
2412,20012719,2026-07-10,838093,821698
2413,20012720,2026-06-18,838182,821673
2414,20012736,2026-06-18,829775,825183
2415,20012737,2026-06-18,838844,822090
2416,20012769,2026-09-07,832190,823635
2417,20012770,2026-06-18,832389,822787
2418,20012771,2026-06-18,832952,822049
2419,20012772,2026-06-18,833325,822055
2420,20012773,2026-06-18,833565,822143
2421,20012774,2026-06-18,834128,822134
2422,20012775,2026-06-18,833235,821983
2423,20012776,2026-06-18,832503,822576
2424,20012777,2026-06-18,831917,822482
2425,20012778,2026-06-18,831971,824548
2426,20012779,2026-06-18,832165,825219
2427,20012780,2026-09-10,832686,825317
2428,20012781,2026-09-10,832033,825053
2429,20012782,2026-06-18,832088,824678
2430,20012802,2026-06-18,828678,823848
2431,20012803,2026-06-18,829167,823608
2432,20012804,2026-08-31,830616,823943
2433,20012805,2026-06-18,831190,824107
2434,20012806,2026-09-07,831031,824285
2435,20012807,2026-09-01,830630,823910
2436,20012808,2026-08-31,829117,823635
2437,20012809,2026-06-18,829207,823777
2438,20012810,2026-09-11,829148,823632
2439,20012811,2026-06-18,829217,823840
2440,20012812,2026-06-18,844883,818867
2441,20012813,2026-06-18,845241,818636
2442,20012814,2026-06-18,845207,818485
2443,20012815,2026-06-18,845094,818418
2444,20012816,2026-06-18,845005,818252
2445,20012817,2026-06-18,844984,818164
2446,20012818,2026-06-18,844974,818272
2447,20012819,2026-06-18,844887,818858
2448,20012820,2026-06-18,844576,819027
2449,20012835,2026-06-18,844044,818458
2450,20012836,2026-06-18,844126,818466
2451,20012837,2026-06-18,844524,818583
2452,20012838,2026-06-18,844721,818537
2453,20012839,2026-06-18,844719,818358
2454,20012840,2026-06-18,844642,818277
2455,20012841,2026-06-18,844547,818278
2456,20012842,2026-06-18,844051,818451
2457,20012868,2026-09-07,834102,812189
2458,20012869,2026-09-10,834914,812197
2459,20012871,2026-09-07,837887,810974
2460,20012872,2026-09-07,839617,809073
2461,20012873,2026-09-07,839983,808950
2462,20012874,2026-09-07,840390,808674
2463,20012875,2026-06-18,835921,835788
2464,20012876,2026-06-18,839637,809026
2465,20012877,2026-06-18,838516,811070
2466,20012878,2026-06-18,837909,810982
2467,20012879,2026-06-18,836142,812225
2468,20012880,2026-06-18,835551,812371
2469,20012881,2026-09-10,834439,812081
2470,20012882,2026-06-18,834148,812318
2471,20012883,2026-06-18,837981,836305
2472,20012884,2026-06-18,836704,835447
2473,20012887,2026-08-30,835317,834314
2474,20012890,2026-06-18,835929,834120
2475,20012892,2026-06-18,835807,834818
2476,20012901,2026-06-18,837999,836332
2477,20012902,2026-06-18,836677,835497
2478,20012903,2026-06-18,841851,831819
2479,20012904,2026-06-18,841644,831863
2480,20012905,2026-08-22,841872,831696
2481,20012906,2026-06-18,841580,831412
2482,20012907,2026-06-18,841698,831284
2483,20012908,2026-06-18,841814,830972
2484,20012910,2026-06-18,835246,834449
2485,20012911,2026-06-18,835503,834635
2486,20012934,2026-06-18,834304,812583
2487,20012935,2026-06-18,834412,812371
2488,20012936,2026-06-18,834307,812164
2489,20012937,2026-09-11,834240,812369
2490,20012938,2026-06-18,815734,828156
2491,20012939,2026-06-18,837972,836303
2492,20012940,2026-06-18,836177,835178
2493,20012941,2026-06-18,835522,834609
2494,20012943,2026-06-18,835898,835167
2495,20012944,2026-06-18,834223,811743
2496,20012945,2026-09-01,834010,811671
2497,20012946,2026-06-18,833832,811660
2498,20012947,2026-06-18,833390,811649
2499,20012948,2026-09-10,833574,811720
2500,20012949,2026-08-22,833972,811698
2501,20012950,2026-06-18,834221,811749
2502,20012951,2026-06-18,834406,811641
2503,20012952,2026-06-18,834459,811379
2504,20012953,2026-06-18,834378,811624
2505,20012954,2026-06-18,835376,812316
2506,20012956,2026-06-18,837169,815604
2507,20012957,2026-06-18,835344,812140
2508,20012958,2026-06-18,834758,812133
2509,20012959,2026-06-18,832691,816399
2510,20012960,2026-06-18,832686,815854
2511,20012961,2026-06-18,832934,815889
2512,20012962,2026-06-18,833087,815938
2513,20012963,2026-06-18,833301,815800
2514,20012964,2026-06-18,833451,815710
2515,20012965,2026-09-10,833563,815576
2516,20012966,2026-06-18,833702,815512
2517,20012967,2026-06-18,833574,815639
2518,20012968,2026-06-18,832821,816034
2519,20012969,2026-06-18,832697,816400
2520,20012970,2026-06-18,833238,816089
2521,20012971,2026-09-02,841568,815849
2522,20012972,2026-06-18,841567,815703
2523,20012973,2026-06-18,841710,815538
2524,20012974,2026-06-18,841702,815435
2525,20012975,2026-06-18,841899,815021
2526,20012976,2026-06-18,842040,814854
2527,20012977,2026-06-18,842086,814722
2528,20012978,2026-06-18,842455,814483
2529,20012980,2026-06-18,842179,813736
2530,20012981,2026-06-18,842215,813937
2531,20012982,2026-06-18,842091,814407
2532,20012983,2026-06-18,842107,814506
2533,20012984,2026-06-18,841626,815529
2534,20012985,2026-06-18,841597,815876
2535,20012986,2026-06-18,841456,815983
2536,20012987,2026-06-18,841159,816118
2537,20012988,2026-06-18,840465,816191
2538,20012989,2026-09-10,840157,816189
2539,20012990,2026-06-18,839843,816582
2540,20012991,2026-06-18,840445,816278
2541,20012992,2026-06-18,840907,816062
2542,20012995,2026-07-28,839605,819700
2543,20012996,2026-09-10,839838,819709
2544,20012997,2026-07-28,839575,820440
2545,20012998,2026-07-28,839818,819657
2546,20012999,2026-09-10,839558,819688
2547,20013000,2026-07-28,840112,818512
2548,20013004,2026-06-18,830106,840192
2549,20013005,2026-06-18,829096,840397
2550,20013006,2026-06-18,828920,840284
2551,20013007,2026-06-18,829430,840129
2552,20013008,2026-06-18,828247,840292
2553,20013009,2026-06-18,830126,840199
2554,20013010,2026-06-18,845128,821567
2555,20013011,2026-06-18,845128,821567
2556,20013014,2026-06-18,828703,839890
2557,20013015,2026-06-18,828606,839130
2558,20013016,2026-06-18,838614,830764
2559,20013017,2026-06-18,838694,830686
2560,20013018,2026-06-18,838784,830559
2561,20013020,2026-06-18,839749,830073
2562,20013021,2026-06-18,839649,829711
2563,20013022,2026-06-18,838766,828998
2564,20013024,2026-06-18,837981,827237
2565,20013025,2026-06-18,838708,828934
2566,20013026,2026-06-18,839706,829892
2567,20013027,2026-06-18,839686,830127
2568,20013028,2026-06-18,838686,830408
2569,20013029,2026-06-18,838856,830456
2570,20013030,2026-06-18,838777,830552
2571,20013032,2026-06-18,828681,839862
2572,20013033,2026-06-18,828369,840464
2573,20013034,2026-06-18,829296,841266
2574,20013035,2026-06-18,838498,825867
2575,20013036,2026-06-18,838497,825989
2576,20013037,2026-06-18,838307,825931
2577,20013038,2026-09-11,835814,824856
2578,20013039,2026-06-18,835713,824973
2579,20013040,2026-09-11,835863,825153
2580,20013041,2026-06-18,836296,825443
2581,20013042,2026-06-18,838124,826400
2582,20013043,2026-06-18,838304,825952
2583,20013044,2026-06-18,838447,826163
2584,20013045,2026-06-18,829449,841816
2585,20013046,2026-06-18,838498,825862
2586,20013047,2026-06-18,838589,825874
2587,20013048,2026-06-18,828360,840466
2588,20013049,2026-06-18,828094,842582
2589,20013050,2026-06-18,828783,843077
2590,20013051,2026-06-18,838713,826467
2591,20013052,2026-06-18,838948,826862
2592,20013053,2026-06-18,839567,827588
2593,20013054,2026-06-18,828187,842562
2594,20013055,2026-06-18,828232,841389
2595,20013056,2026-06-18,838711,826449
2596,20013057,2026-06-18,838510,825986
2597,20013058,2026-06-18,838511,825783
2598,20013059,2026-08-13,831115,840463
2599,20013060,2026-09-07,839937,828823
2600,20013061,2026-06-29,842893,818182
2601,20013099,2026-06-18,831105,840482
2602,20013132,2026-06-18,838612,830760
2603,20013133,2026-06-18,838536,828502
2604,20013134,2026-06-18,838743,830301
2605,20013165,2026-06-18,831113,816026
2606,20013166,2026-06-18,832125,816451
2607,20013167,2026-06-18,833242,816088
2608,20013192,2026-06-18,832664,816443
2609,20013193,2026-06-18,831925,816363
2610,20013194,2026-06-18,831528,816104
2611,20013195,2026-06-24,831380,815988
2612,20013199,2026-06-18,835464,819000
2613,20013200,2026-06-18,835607,819097
2614,20013201,2026-06-18,835654,819118
2615,20013204,2026-06-18,835839,819512
2616,20013205,2026-06-18,835708,819338
2617,20013206,2026-06-18,835544,819307
2618,20013207,2026-06-18,835544,818733
2619,20013209,2026-06-18,836115,819640
2620,20013210,2026-06-18,836168,819703
2621,20013231,2026-06-18,835413,818822
2622,20013232,2026-06-18,836055,819830
2623,20013233,2026-06-18,834818,818641
2624,20013234,2026-06-18,836203,819739
2625,20013235,2026-06-18,836262,819602
2626,20013236,2026-06-18,836223,819446
2627,20013237,2026-06-18,836138,819342
2628,20013238,2026-06-18,835722,820157
2629,20013239,2026-06-18,835557,819027
2630,20013297,2026-06-18,845726,826838
2631,20013298,2026-06-18,843833,823848
2632,20013330,2026-06-18,835364,834149
2633,20013363,2026-06-18,834861,819360
2634,20013396,2026-06-18,838399,835565
2635,20013429,2026-06-18,842313,820172
2636,20013462,2026-06-18,830173,825877
2637,20013463,2026-09-10,831147,826620
2638,20013464,2026-06-18,830677,827098
2639,20013465,2026-09-10,831162,826610
2640,20013466,2026-06-18,830402,825712
2641,20013467,2026-06-18,830243,825877
2642,20013495,2026-06-18,830968,826347
2643,20013528,2026-09-09,831209,824467
2644,20013529,2026-06-18,829764,825197
2645,20013561,2026-06-18,839433,821901
2646,20013562,2026-06-18,839777,821722
2647,20013563,2026-06-18,830681,826110
2648,20013594,2026-06-18,831480,826566
2649,20013628,2026-06-18,830197,824041
2650,20013663,2026-06-18,832555,822128
2651,20013664,2026-09-07,831497,823467
2652,20013693,2026-09-10,832541,821997
2653,20013694,2026-09-10,832300,822428
2654,20013695,2026-06-18,831917,822413
2655,20013696,2026-06-18,831185,824232
2656,20013697,2026-09-10,831121,823279
2657,20013698,2026-09-10,830141,825507
2658,20013699,2026-07-13,840098,815680
2659,20013702,2026-07-13,840095,815696
2660,20013703,2026-07-13,840058,815862
2661,20013704,2026-06-18,840059,815925
2662,20013705,2026-06-18,839493,816909
2663,20013706,2026-06-18,839203,816944
2664,20013707,2026-06-18,839070,816932
2665,20013708,2026-06-18,838856,817090
2666,20013709,2026-06-18,839345,817057
2667,20013710,2026-06-18,839615,816944
2668,20013711,2026-06-18,839629,816776
2669,20013712,2026-06-18,839702,816556
2670,20013713,2026-06-18,839816,816321
2671,20013714,2026-07-13,840052,816161
2672,20013715,2026-07-13,840070,815930
2673,20013716,2026-07-13,840065,815853
2674,20013717,2026-07-13,840320,815975
2675,20013718,2026-07-13,840306,815804
2676,20013719,2026-06-18,841881,820526
2677,20013721,2026-06-18,836145,821748
2678,20013722,2026-06-18,836117,821981
2679,20013723,2026-06-18,836128,821541
2680,20013724,2026-06-18,836108,821355
2681,20013725,2026-06-18,836065,821197
2682,20013726,2026-06-18,835710,821332
2683,20013727,2026-06-18,835508,821385
2684,20013728,2026-06-18,835369,821395
2685,20013729,2026-09-10,835741,821312
2686,20013730,2026-06-18,836015,821121
2687,20013731,2026-06-18,836074,821258
2688,20013732,2026-06-18,836102,821403
2689,20013733,2026-06-18,836118,821618
2690,20013734,2026-06-18,836107,821872
2691,20013735,2026-06-18,836107,821984
2692,20013736,2026-07-13,839984,815788
2693,20013737,2026-07-13,840411,816289
2694,20013739,2026-06-18,836021,821520
2695,20013740,2026-06-18,835812,821681
2696,20013741,2026-09-02,835683,821524
2697,20013742,2026-06-18,835701,821590
2698,20013743,2026-06-18,836017,821527
2699,20013744,2026-07-13,840794,816089
2700,20013745,2026-07-13,841075,815776
2701,20013746,2026-07-13,841342,815595
2702,20013747,2026-07-13,841389,815511
2703,20013748,2026-07-13,841653,815328
2704,20013749,2026-07-13,841674,815373
2705,20013750,2026-07-13,841673,815530
2706,20013751,2026-06-18,833520,822251
2707,20013752,2026-06-18,833847,822346
2708,20013753,2026-06-18,834052,822280
2709,20013754,2026-06-18,834179,822297
2710,20013755,2026-06-18,834348,822160
2711,20013756,2026-06-18,834455,821944
2712,20013757,2026-06-18,834571,821811
2713,20013758,2026-06-18,834734,821676
2714,20013759,2026-06-18,835069,821480
2715,20013760,2026-06-18,835160,821491
2716,20013761,2026-06-18,835093,821618
2717,20013762,2026-06-18,835099,821999
2718,20013763,2026-06-18,835366,821949
2719,20013765,2026-07-13,841694,815401
2720,20013766,2026-07-13,841470,815379
2721,20013767,2026-07-13,841331,815583
2722,20013768,2026-07-13,841074,815758
2723,20013769,2026-07-13,840936,815859
2724,20013770,2026-07-13,840877,815938
2725,20013771,2026-07-13,840528,816210
2726,20013772,2026-07-13,840063,816185
2727,20013773,2026-07-13,840068,815930
2728,20013774,2026-07-13,840063,815846
2729,20013792,2026-06-18,834818,821590
2730,20013793,2026-06-18,834611,821678
2731,20013794,2026-06-18,834582,821744
2732,20013795,2026-09-10,834443,822058
2733,20013796,2026-06-18,834278,822198
2734,20013797,2026-06-18,816255,830452
2735,20013798,2026-06-18,816245,830136
2736,20013799,2026-06-18,816011,829928
2737,20013800,2026-06-18,815831,830074
2738,20013801,2026-06-18,815936,829338
2739,20013802,2026-09-01,815507,828798
2740,20013803,2026-06-18,815910,829329
2741,20013805,2026-06-18,816035,829954
2742,20013806,2026-06-18,816223,830164
2743,20013807,2026-06-18,816256,830441
2744,20013810,2026-06-18,815820,830080
2745,20013811,2026-06-18,815841,830090
2746,20013812,2026-06-18,816242,829587
2747,20013813,2026-06-18,816085,829230
2748,20013814,2026-06-18,816019,829391
2749,20013816,2026-06-18,816011,829402
2750,20013817,2026-06-18,816086,829232
2751,20013818,2026-06-18,816238,829584
2752,20013825,2026-06-18,840684,820163
2753,20013827,2026-09-10,841076,820072
2754,20013828,2026-06-18,841084,819624
2755,20013829,2026-06-18,840684,820163
2756,20013830,2026-06-18,841353,819407
2757,20013831,2026-06-18,841361,819187
2758,20013832,2026-06-18,841139,819002
2759,20013833,2026-06-18,840936,818739
2760,20013834,2026-09-10,840761,818881
2761,20013835,2026-06-18,840500,819226
2762,20013836,2026-09-10,840723,819590
2763,20013837,2026-06-18,841202,819048
2764,20013838,2026-06-18,840310,819413
2765,20013839,2026-06-18,840140,819590
2766,20013842,2026-06-18,840147,819597
2767,20013843,2026-06-18,840330,819412
2768,20013858,2026-06-18,840478,820814
2769,20013859,2026-06-18,840339,820784
2770,20013860,2026-06-18,840442,820523
2771,20013861,2026-06-18,840314,820206
2772,20013862,2026-06-18,840427,819932
2773,20013863,2026-06-18,840470,819874
2774,20013864,2026-06-18,840489,819770
2775,20013865,2026-06-18,840630,819906
2776,20013866,2026-06-18,840748,820062
2777,20013867,2026-06-18,840847,819998
2778,20013868,2026-06-18,840784,819911
2779,20013869,2026-06-18,840719,819998
2780,20013870,2026-06-18,830891,826312
2781,20013891,2026-06-18,830236,825838
2782,20013924,2026-06-18,831504,823422
2783,20013925,2026-06-18,833909,822059
2784,20013926,2026-06-18,833339,822019
2785,20013927,2026-06-18,831504,823422
2786,20013957,2026-09-11,838953,822439
2787,20013958,2026-06-18,838463,822680
2788,20013959,2026-09-10,838020,822709
2789,20013960,2026-09-11,837640,822884
2790,20013961,2026-09-10,837322,822854
2791,20013962,2026-06-18,837181,822766
2792,20013963,2026-09-10,836876,822241
2793,20013964,2026-09-02,836253,822326
2794,20013965,2026-09-02,835783,822270
2795,20013966,2026-09-10,836081,821967
2796,20013967,2026-09-10,835780,822288
2797,20013968,2026-09-10,836200,822350
2798,20013969,2026-09-02,836440,822338
2799,20013970,2026-09-02,836708,822236
2800,20013971,2026-09-11,837230,822831
2801,20013972,2026-09-11,837624,822905
2802,20013973,2026-09-10,838059,822731
2803,20013974,2026-09-02,838337,822696
2804,20013975,2026-09-11,838633,822677
2805,20013976,2026-09-10,838946,822484
2806,20013977,2026-06-18,839120,822323
2807,20014023,2026-06-18,834563,818423
2808,20014056,2026-06-18,840851,819845
2809,20014057,2026-06-18,840828,820000
2810,20014058,2026-06-18,840760,820049
2811,20014059,2026-06-18,840640,819916
2812,20014060,2026-06-18,840691,819859
2813,20014061,2026-06-18,840753,819772
2814,20014062,2026-06-18,840444,819866
2815,20014063,2026-06-18,840413,819929
2816,20014064,2026-06-18,840362,820052
2817,20014065,2026-06-18,840334,820190
2818,20014066,2026-06-18,840380,820324
2819,20014067,2026-06-18,840402,820512
2820,20014068,2026-06-18,840339,820825
2821,20014069,2026-06-18,840794,819873
2822,20014070,2026-06-18,840832,819995
2823,20014071,2026-06-18,840706,819842
2824,20014072,2026-06-18,841250,819522
2825,20014089,2026-06-18,841714,820190
2826,20014090,2026-06-18,841733,819956
2827,20014091,2026-06-18,841403,819798
2828,20014092,2026-06-18,841351,819705
2829,20014093,2026-06-18,841698,820000
2830,20014094,2026-06-18,841719,820184
2831,20014095,2026-06-18,842360,819553
2832,20014096,2026-07-16,841825,819899
2833,20014097,2026-06-18,842368,819552
2834,20014122,2026-06-18,829114,823929
2835,20014123,2026-06-18,829115,823436
2836,20014124,2026-06-18,828925,823487
2837,20014125,2026-09-10,828435,823450
2838,20014126,2026-09-10,829171,822869
2839,20014127,2026-09-02,829145,822865
2840,20014128,2026-06-18,842324,818708
2841,20014129,2026-06-18,842313,818933
2842,20014130,2026-09-07,842281,819046
2843,20014131,2026-06-18,842617,819263
2844,20014132,2026-06-18,842793,819373
2845,20014133,2026-06-18,842403,819591
2846,20014134,2026-06-18,842135,819674
2847,20014135,2026-06-18,841928,819885
2848,20014136,2026-06-18,841877,820125
2849,20014137,2026-06-18,841759,820334
2850,20014138,2026-06-18,841555,820775
2851,20014139,2026-06-18,841453,820817
2852,20014140,2026-06-18,841424,821037
2853,20014141,2026-06-18,841457,821211
2854,20014142,2026-06-18,841190,821485
2855,20014143,2026-06-18,841403,821192
2856,20014144,2026-06-18,841427,821003
2857,20014145,2026-06-18,841466,820831
2858,20014147,2026-07-16,841897,820158
2859,20014148,2026-06-18,841938,819974
2860,20014149,2026-06-18,841996,819781
2861,20014150,2026-06-18,842131,819706
2862,20014151,2026-06-18,842184,819618
2863,20014152,2026-06-18,842845,819432
2864,20014154,2026-06-18,842323,818700
2865,20014155,2026-06-18,836330,821566
2866,20014156,2026-06-18,836565,821669
2867,20014157,2026-06-18,836832,821665
2868,20014158,2026-06-18,836886,821799
2869,20014159,2026-06-18,836810,821969
2870,20014160,2026-06-18,836742,821846
2871,20014161,2026-06-18,836789,821602
2872,20014162,2026-06-18,836770,821462
2873,20014163,2026-06-18,836802,821135
2874,20014164,2026-06-18,836792,820921
2875,20014165,2026-06-18,837411,821107
2876,20014166,2026-06-18,837591,821101
2877,20014167,2026-06-18,837771,821137
2878,20014168,2026-06-18,837916,821602
2879,20014188,2026-06-18,838001,821501
2880,20014189,2026-06-18,837911,821304
2881,20014190,2026-06-18,837906,821173
2882,20014191,2026-06-18,837632,821088
2883,20014192,2026-06-18,837091,821109
2884,20014193,2026-06-18,836728,821237
2885,20014194,2026-06-18,838341,821644
2886,20014195,2026-06-18,838219,821701
2887,20014196,2026-06-18,838071,821750
2888,20014197,2026-06-18,837325,820907
2889,20014198,2026-09-10,837082,820859
2890,20014199,2026-06-18,836780,820944
2891,20014200,2026-06-18,836788,821141
2892,20014201,2026-06-18,836728,821237
2893,20014202,2026-06-18,836593,821494
2894,20014203,2026-09-06,836863,820907
2895,20014204,2026-09-10,837860,821097
2896,20014205,2026-09-10,838318,821557
2897,20014210,2026-09-10,837108,820921
2898,20014211,2026-06-18,837245,820966
2899,20014212,2026-06-18,837466,821282
2900,20014213,2026-09-10,837250,820893
2901,20014527,2026-09-10,832824,816167
2902,20014528,2026-06-18,834579,815835
2903,20014529,2026-06-18,834673,815807
2904,20014530,2026-09-02,834342,815274
2905,20014531,2026-09-02,834479,815283
2906,20014532,2026-09-10,834877,815342
2907,20014533,2026-09-10,835239,815205
2908,20014534,2026-09-10,835450,815099
2909,20014535,2026-06-18,835676,815064
2910,20014536,2026-09-04,837072,815424
2911,20014537,2026-08-31,833238,816084
2912,20014538,2026-06-18,835669,815054
2913,20014539,2026-06-18,835395,815118
2914,20014540,2026-06-18,835111,815065
2915,20014541,2026-06-18,834477,815272
2916,20014542,2026-09-10,831436,814539
2917,20014543,2026-09-10,833606,815538
2918,20014544,2026-09-10,833514,815616
2919,20014545,2026-09-10,833395,815730
2920,20014546,2026-09-10,832682,815841
2921,20014548,2026-09-10,832459,815804
2922,20014549,2026-09-02,832363,815762
2923,20014550,2026-09-10,832606,815715
2924,20014551,2026-06-18,832358,815771
2925,20014552,2026-06-18,832455,815809
2926,20014553,2026-06-18,832678,815847
2927,20014584,2026-09-02,833649,815514
2928,20014585,2026-09-10,834806,843934
2929,20014617,2026-06-18,834118,841449
2930,20014618,2026-09-10,832782,839761
2931,20014619,2026-06-18,834718,841244
2932,20014620,2026-06-18,836083,840313
2933,20014621,2026-06-18,834721,841226
2934,20014622,2026-09-10,820904,833842
2935,20014623,2026-06-18,819217,833588
2936,20014624,2026-06-18,819222,833248
2937,20014626,2026-06-18,819249,832605
2938,20014628,2026-06-18,818870,832902
2939,20014629,2026-06-18,819237,833115
2940,20014631,2026-06-18,820005,833888
2941,20014632,2026-06-18,821584,833978
2942,20014633,2026-06-18,820904,833842
2943,20014636,2026-06-18,817800,831957
2944,20014637,2026-06-18,817841,832509
2945,20014638,2026-06-18,818780,833399
2946,20014650,2026-06-18,829095,840387
2947,20014651,2026-09-10,837443,820924
2948,20014652,2026-06-18,837278,819477
2949,20014653,2026-06-18,837350,819525
2950,20014654,2026-06-18,837355,820004
2951,20014655,2026-06-18,837357,820352
2952,20014656,2026-06-18,837416,820484
2953,20014657,2026-06-18,837560,820794
2954,20014658,2026-06-18,844387,820213
2955,20014659,2026-06-18,844186,819964
2956,20014660,2026-06-29,844411,820509
2957,20014661,2026-06-18,844369,820313
2958,20014663,2026-06-18,844457,820043
2959,20014664,2026-09-09,838367,821513
2960,20014665,2026-06-18,837592,820775
2961,20014666,2026-06-18,837477,820555
2962,20014667,2026-06-18,837386,820352
2963,20014671,2026-06-18,844578,820830
2964,20014673,2026-09-01,844969,820328
2965,20014674,2026-06-18,844647,820551
2966,20014675,2026-06-18,843745,820369
2967,20014676,2026-09-01,843822,820293
2968,20014677,2026-06-18,844456,820346
2969,20014679,2026-06-18,845742,819983
2970,20014683,2026-09-01,844986,820347
2971,20014685,2026-06-18,844558,820627
2972,20014716,2026-06-18,845806,820391
2973,20014717,2026-06-18,846069,820145
2974,20014718,2026-06-18,846335,819830
2975,20014719,2026-06-18,846678,819636
2976,20014720,2026-06-18,847112,819689
2977,20014721,2026-06-18,847248,819254
2978,20014722,2026-06-18,847357,819026
2979,20014723,2026-06-18,847432,818752
2980,20014724,2026-06-18,847427,818416
2981,20014725,2026-06-18,847537,818096
2982,20014726,2026-06-18,847771,817807
2983,20014727,2026-06-18,847901,817680
2984,20014728,2026-06-18,848078,817497
2985,20014729,2026-06-18,847998,817346
2986,20014730,2026-06-18,847889,816977
2987,20014731,2026-06-18,847630,816455
2988,20014732,2026-06-18,848018,815431
2989,20014733,2026-06-18,848082,814887
2990,20014734,2026-06-18,848506,815053
2991,20014749,2026-06-18,848078,814882
2992,20014750,2026-06-18,848024,815415
2993,20014751,2026-06-18,847588,816456
2994,20014752,2026-06-18,847871,817024
2995,20014753,2026-06-18,848016,817396
2996,20014754,2026-06-18,848057,817449
2997,20014755,2026-06-18,847858,817704
2998,20014756,2026-06-18,847521,818104
2999,20014757,2026-06-18,847429,818349
3000,20014758,2026-06-18,847362,818983
3001,20014759,2026-06-18,847193,819343
3002,20014760,2026-06-18,847093,819702
3003,20014761,2026-06-18,846605,819581
3004,20014762,2026-06-18,846293,819862
3005,20014763,2026-06-18,845974,820194
3006,20014764,2026-06-18,845809,820365
3007,20014765,2026-06-18,845768,820300
3008,20014766,2026-06-18,843718,820437
3009,20014767,2026-06-18,843828,820278
3010,20014768,2026-06-18,842522,819619
3011,20014769,2026-06-18,842142,818656
3012,20014770,2026-06-18,842277,818639
3013,20014771,2026-06-18,842484,819606
3014,20014772,2026-08-24,842354,819950
3015,20014773,2026-06-18,843861,820939
3016,20014774,2026-06-18,844314,820451
3017,20015051,2026-09-10,842592,819111
3018,20015052,2026-06-19,842710,819337
3019,20015053,2026-06-18,842825,819410
3020,20015054,2026-06-18,842338,819770
3021,20015055,2026-07-16,842130,820058
3022,20015056,2026-06-18,841813,820426
3023,20015057,2026-06-18,841519,820438
3024,20015058,2026-06-18,841336,820333
3025,20015059,2026-06-18,841350,820884
3026,20015060,2026-06-18,841468,820830
3027,20015061,2026-06-18,841825,820436
3028,20015062,2026-06-18,842130,820082
3029,20015063,2026-06-18,842341,819802
3030,20015065,2026-06-18,842762,819351
3031,20015066,2026-09-10,842678,818928
3032,20015067,2026-06-18,842693,818638
3033,20015068,2026-09-10,842769,818179
3034,20015069,2026-06-18,841481,820276
3035,20015070,2026-06-18,841484,820165
3036,20015071,2026-09-01,841694,820004
3037,20015072,2026-06-18,841809,819926
3038,20015073,2026-06-18,842073,819614
3039,20015074,2026-06-18,842113,819083
3040,20015075,2026-09-02,842187,818860
3041,20015076,2026-06-18,842574,818027
3042,20015077,2026-06-18,842865,817677
3043,20015078,2026-06-18,842986,817535
3044,20015079,2026-06-18,842613,817451
3045,20015080,2026-09-10,842743,817485
3046,20015081,2026-06-18,842704,817608
3047,20015082,2026-06-18,842266,818692
3048,20015083,2026-06-18,842173,818855
3049,20015085,2026-06-18,842035,819627
3050,20015086,2026-06-18,841808,819909
3051,20015087,2026-06-18,841734,819954
3052,20015088,2026-06-18,841405,820178
3053,20015112,2026-09-10,837448,820953
3054,20015113,2026-06-18,837782,821028
3055,20015114,2026-06-18,838308,821548
3056,20015115,2026-06-18,841278,818493
3057,20015116,2026-09-01,841504,818512
3058,20015117,2026-09-01,841572,818633
3059,20015118,2026-06-18,841647,818691
3060,20015119,2026-06-18,837556,820784
3061,20015120,2026-06-18,837455,820923
3062,20015121,2026-06-18,841993,819784
3063,20015122,2026-06-18,841994,819782
3064,20015145,2026-07-02,841238,821485
3065,20015146,2026-06-18,841311,821280
3066,20015147,2026-06-18,841409,820916
3067,20015148,2026-06-18,841527,820803
3068,20015149,2026-06-18,841378,820274
3069,20015150,2026-06-18,841634,819833
3070,20015151,2026-06-18,841554,819219
3071,20015153,2026-06-18,841699,819431
3072,20015154,2026-06-18,841661,819722
3073,20015155,2026-07-16,841371,820257
3074,20015157,2026-06-18,837218,820885
3075,20015158,2026-09-10,836824,820812
3076,20015159,2026-09-10,835539,820855
3077,20015160,2026-09-10,835874,820866
3078,20015161,2026-09-01,836300,820883
3079,20015162,2026-06-18,836754,820904
3080,20015163,2026-06-18,837448,820954
3081,20015164,2026-06-18,837804,821049
3082,20015178,2026-09-01,831212,824273
3083,20015211,2026-06-18,846607,819583
3084,20015212,2026-06-18,845945,819781
3085,20015213,2026-06-18,845252,820018
3086,20015214,2026-06-18,845058,819896
3087,20015215,2026-06-18,841608,819062
3088,20015216,2026-06-18,841141,819004
3089,20015217,2026-06-18,841111,818978
3090,20015218,2026-06-18,840934,818739
3091,20015219,2026-06-18,841302,818804
3092,20015222,2026-06-18,845929,819788
3093,20015223,2026-06-18,845846,820351
3094,20015224,2026-06-29,841860,819069
3095,20015225,2026-09-02,839455,820185
3096,20015226,2026-06-18,845217,821623
3097,20015227,2026-06-18,845152,821408
3098,20015228,2026-06-18,842976,821866
3099,20015229,2026-08-24,841007,819955
3100,20015230,2026-06-18,842487,821673
3101,20015231,2026-06-18,843048,822006
3102,20015232,2026-06-18,844233,822749
3103,20015234,2026-09-10,844874,818847
3104,20015235,2026-06-18,844601,818878
3105,20015236,2026-06-18,844573,819027
3106,20015237,2026-09-01,845716,819514
3107,20015238,2026-09-10,845094,818762
3108,20015244,2026-06-18,839339,821113
3109,20015245,2026-07-16,839354,821514
3110,20015248,2026-06-18,837745,820947
3111,20015249,2026-06-18,834736,820480
3112,20015250,2026-06-18,834169,820054
3113,20015251,2026-06-18,834401,819982
3114,20015252,2026-06-18,838377,821516
3115,20015253,2026-09-10,834515,820390
3116,20015254,2026-06-18,834584,819945
3117,20015255,2026-07-10,834726,819956
3118,20015256,2026-06-18,834826,820068
3119,20015257,2026-06-18,835074,820176
3120,20015258,2026-09-10,836654,820422
3121,20015259,2026-06-18,836894,820535
3122,20015260,2026-06-18,837100,820634
3123,20015261,2026-06-18,838500,821655
3124,20015277,2026-06-18,829936,825279
3125,20015280,2026-06-18,829823,824865
3126,20015281,2026-06-18,829732,824988
3127,20015282,2026-06-18,829814,825486
3128,20015283,2026-07-02,841401,821193
3129,20015284,2026-07-02,841425,820990
3130,20015285,2026-07-16,840999,820189
3131,20015286,2026-07-16,840797,820323
3132,20015287,2026-07-16,840407,820411
3133,20015585,2026-06-18,844014,819833
3134,20015586,2026-06-18,844472,819468
3135,20015587,2026-06-18,818165,836556
3136,20015588,2026-06-18,818094,836227
3137,20015589,2026-06-18,818421,836101
3138,20015590,2026-06-18,818620,835589
3139,20015591,2026-06-18,818217,835423
3140,20015592,2026-06-18,818692,834553
3141,20015593,2026-06-18,820452,834584
3142,20015594,2026-06-18,820381,834060
3143,20015595,2026-06-18,820697,833918
3144,20015596,2026-06-18,821680,834138
3145,20015597,2026-06-18,826513,840386
3146,20015598,2026-06-18,825774,840949
3147,20015602,2026-06-18,844871,818846
3148,20015607,2026-07-16,838894,821776
3149,20015609,2026-06-18,820929,833891
3150,20015610,2026-06-18,818324,834526
3151,20015611,2026-06-18,818347,835005
3152,20015612,2026-09-10,817962,835266
3153,20015613,2026-06-18,818311,835712
3154,20015614,2026-07-28,818461,835984
3155,20015615,2026-06-18,818083,836205
3156,20015616,2026-07-10,837450,820922
3157,20015622,2026-06-18,844707,819076
3158,20015627,2026-06-18,844525,818546
3159,20015640,2026-06-18,837331,826840
3160,20015641,2026-06-18,837995,827297
3161,20015642,2026-06-18,840369,829272
3162,20015643,2026-06-18,840901,829651
3163,20015644,2026-06-18,840745,829914
3164,20015645,2026-06-18,841225,831051
3165,20015646,2026-09-10,841402,831267
3166,20015647,2026-06-18,841882,831741
3167,20015648,2026-06-18,842125,831852
3168,20015649,2026-06-18,842296,831897
3169,20015650,2026-06-18,841145,830862
3170,20015651,2026-09-10,839334,828048
3171,20015652,2026-06-18,838284,827592
3172,20015653,2026-06-18,837975,827229
3173,20015654,2026-06-18,837645,826961
3174,20015656,2026-06-18,837329,826839
3175,20015673,2026-06-18,842888,832657
3176,20015674,2026-06-18,842893,832061
3177,20015675,2026-06-18,841590,831550
3178,20015676,2026-06-18,837677,827067
3179,20015677,2026-06-18,842874,832085
3180,20015678,2026-06-18,842827,832373
3181,20015706,2026-09-10,838077,828154
3182,20015707,2026-06-18,837812,828718
3183,20015708,2026-06-18,838094,828782
3184,20015709,2026-06-18,838799,829118
3185,20015710,2026-06-18,838774,829007
3186,20015711,2026-09-10,838602,828634
3187,20015712,2026-09-09,838463,828363
3188,20015713,2026-06-18,839140,827011
3189,20015714,2026-06-18,837410,827233
3190,20015715,2026-06-18,837624,826979
3191,20015716,2026-06-18,837419,826752
3192,20015717,2026-06-18,837264,826509
3193,20015718,2026-06-18,837343,826135
3194,20015719,2026-06-18,837023,826130
3195,20015721,2026-06-18,836560,825545
3196,20015722,2026-06-18,836222,825358
3197,20015723,2026-06-18,836241,825271
3198,20015724,2026-06-18,836299,825115
3199,20015725,2026-06-18,836227,824661
3200,20015726,2026-06-18,836168,824783
3201,20015727,2026-06-18,838816,826893
3202,20015728,2026-09-10,838463,828401
3203,20015729,2026-06-18,838059,828909
3204,20015730,2026-06-18,837907,829025
3205,20015731,2026-06-18,836278,824829
3206,20015732,2026-06-18,836272,825152
3207,20015733,2026-06-18,836219,825383
3208,20015734,2026-06-18,836456,825523
3209,20015735,2026-06-18,836610,825924
3210,20015736,2026-06-18,837021,826163
3211,20015737,2026-06-18,837263,826148
3212,20015738,2026-06-18,837241,826486
3213,20015739,2026-06-18,837324,826711
3214,20015740,2026-06-18,837678,827066
3215,20015741,2026-06-18,835740,824974
3216,20015742,2026-06-18,837409,827941
3217,20015744,2026-06-18,837960,828102
3218,20015745,2026-06-18,839600,827650
3219,20015747,2026-06-18,839373,828186
3220,20015748,2026-06-18,839667,828561
3221,20015749,2026-06-18,836300,825114
3222,20015750,2026-06-18,836273,825150
3223,20015751,2026-06-18,837924,828664
3224,20015752,2026-06-18,837950,828090
3225,20015753,2026-06-18,837898,828289
3226,20015754,2026-06-18,837272,828095
3227,20015755,2026-06-18,837270,828086
3228,20015756,2026-06-18,837908,828298
3229,20015757,2026-06-18,837943,828662
3230,20015761,2026-06-18,831491,823355
3231,20015762,2026-06-18,831143,823476
3232,20015763,2026-06-18,831083,823088
3233,20015764,2026-09-10,821404,833731
3234,20015765,2026-06-18,832017,823473
3235,20015767,2026-06-18,830872,824259
3236,20015768,2026-06-18,830886,824273
3237,20015772,2026-06-18,841728,831119
3238,20015773,2026-09-10,837817,828854
3239,20015774,2026-06-18,838463,828364
3240,20015776,2026-06-18,837632,828872
3241,20015805,2026-06-18,831539,814626
3242,20015838,2026-06-18,839885,831739
3243,20015839,2026-09-10,837456,827241
3244,20015840,2026-06-18,840067,830852
3245,20015841,2026-06-18,838873,832431
3246,20015842,2026-09-10,839531,832141
3247,20015843,2026-06-18,839652,831931
3248,20015844,2026-06-18,839890,831720
3249,20016077,2026-06-18,828453,825731
3250,20016078,2026-06-18,829024,826283
3251,20016079,2026-06-18,829045,826285
3252,20016081,2026-06-18,842264,814179
3253,20016082,2026-06-18,842208,814318
3254,20016083,2026-06-18,842268,814421
3255,20016085,2026-06-18,842108,814507
3256,20016086,2026-06-18,839489,817017
3257,20016087,2026-06-18,839634,816780
3258,20016088,2026-06-18,839747,816429
3259,20016089,2026-09-11,840000,816209
3260,20016090,2026-06-18,840199,816260
3261,20016091,2026-06-18,840429,816283
3262,20016092,2026-06-18,840791,816100
3263,20016093,2026-06-18,840886,815969
3264,20016094,2026-06-18,841056,815787
3265,20016095,2026-06-18,841220,815726
3266,20016096,2026-06-18,841846,815150
3267,20016098,2026-06-18,842269,814435
3268,20016099,2026-06-18,842220,814315
3269,20016102,2026-06-18,838890,816950
3270,20016103,2026-06-18,838851,817157
3271,20016104,2026-06-18,838840,817090
3272,20016105,2026-06-18,840968,815939
3273,20016135,2026-09-04,831919,840385
3274,20016136,2026-06-18,831185,840262
3275,20016168,2026-06-18,814745,827558
3276,20016201,2026-06-18,844952,819776
3277,20016234,2026-06-18,841738,820482
3278,20016267,2026-07-02,834254,817998
3279,20016300,2026-09-09,836821,819057
3280,20016333,2026-09-10,842542,818032
3281,20016367,2026-06-18,839572,827156
3282,20016368,2026-06-18,839574,827190
3283,20016369,2026-06-18,839500,826882
3284,20016370,2026-06-18,838965,826843
3285,20016371,2026-06-18,839496,826910
3286,20016372,2026-06-18,838825,832495
3287,20016373,2026-06-18,838825,832495
3288,20016399,2026-06-18,842366,819838
3289,20016400,2026-06-18,842115,818641
3290,20016402,2026-09-10,842237,819841
3291,20016403,2026-06-18,842085,820101
3292,20016432,2026-06-18,841259,819821
3293,20016433,2026-06-18,841195,819605
3294,20016434,2026-06-18,841352,819708
3295,20016435,2026-06-18,841130,819833
3296,20016436,2026-06-29,841588,818761
3297,20016437,2026-06-29,841629,818532
3298,20016438,2026-06-29,841862,818698
3299,20016439,2026-06-29,841616,818522
3300,20016440,2026-06-29,841507,818497
3301,20016441,2026-06-29,841447,818318
3302,20016442,2026-06-29,841451,818191
3303,20016443,2026-06-29,841556,817986
3304,20016444,2026-06-29,841681,817816
3305,20016445,2026-06-27,821159,834104
3306,20016446,2026-09-10,824689,831346
3307,20016447,2026-06-27,825049,830474
3308,20016465,2026-06-27,824403,833391
3309,20016466,2026-06-29,841571,817918
3310,20016467,2026-09-01,841433,818169
3311,20016468,2026-06-18,825455,831026
3312,20016469,2026-06-18,825326,831118
3313,20016472,2026-06-27,825299,831598
3314,20016473,2026-06-27,825404,831728
3315,20016474,2026-06-27,825504,831884
3316,20016475,2026-06-27,825528,832021
3317,20016476,2026-06-27,825314,832702
3318,20016477,2026-08-17,825156,833006
3319,20016480,2026-09-01,825417,831402
3320,20016481,2026-09-10,825425,831395
3321,20016482,2026-08-17,825169,833020
3322,20016483,2026-06-27,825304,832769
3323,20016484,2026-06-27,825527,832034
3324,20016485,2026-06-27,825515,831883
3325,20016486,2026-06-27,825411,831727
3326,20016487,2026-06-27,825310,831609
3327,20016488,2026-06-27,824931,830740
3328,20016489,2026-06-18,825041,830477
3329,20016491,2026-06-27,824927,830736
3330,20016493,2026-06-18,825330,831125
3331,20016494,2026-06-27,828674,832476
3332,20016495,2026-06-27,829216,831970
3333,20016496,2026-06-27,828663,832452
3334,20016497,2026-06-18,842245,817830
3335,20016498,2026-06-18,842465,817649
3336,20016499,2026-06-18,842629,817429
3337,20016500,2026-06-19,842740,817492
3338,20016501,2026-06-19,842671,817705
3339,20016502,2026-06-18,842429,818065
3340,20016503,2026-06-18,842260,817917
3341,20016504,2026-06-18,841924,817773
3342,20016531,2026-06-18,842311,818919
3343,20016532,2026-06-18,842280,819035
3344,20016533,2026-09-02,842609,819106
3345,20016534,2026-06-18,842707,818816
3346,20016535,2026-09-02,842599,818376
3347,20016536,2026-06-19,842722,818197
3348,20016537,2026-06-18,842764,818182
3349,20016538,2026-06-19,842858,817718
3350,20016539,2026-06-18,842632,817900
3351,20016540,2026-06-18,842723,817609
3352,20016541,2026-06-18,842483,817510
3353,20016542,2026-06-18,842183,817253
3354,20016543,2026-07-29,842547,817084
3355,20016544,2026-09-02,842880,818122
3356,20016546,2026-06-18,842534,818774
3357,20016547,2026-06-18,842847,817726
3358,20016548,2026-06-18,842598,817472
3359,20016549,2026-07-10,842901,817814
3360,20016551,2026-06-18,831487,824877
3361,20016564,2026-06-18,836007,826478
3362,20016565,2026-06-18,836487,825890
3363,20016597,2026-06-18,841475,820274
3364,20016598,2026-06-18,841414,820193
3365,20016811,2026-06-18,823189,836997
3366,20016812,2026-06-18,823028,836949
3367,20016813,2026-06-18,822609,836836
3368,20016814,2026-06-18,823033,836954
3369,20016815,2026-06-18,823180,836998
3370,20016816,2026-06-18,823236,837068
3371,20016817,2026-06-18,823365,837032
3372,20016818,2026-06-18,823488,836968
3373,20016819,2026-06-18,823615,836903
3374,20016820,2026-06-18,823629,836370
3375,20016821,2026-06-18,823569,836095
3376,20016822,2026-06-18,823502,835791
3377,20016823,2026-06-18,823393,835410
3378,20016824,2026-06-18,823172,834736
3379,20016825,2026-06-18,823156,834180
3380,20016826,2026-06-18,831239,824260
3381,20016827,2026-06-18,831161,824152
3382,20016828,2026-06-18,829064,822763
3383,20016829,2026-06-18,823158,834760
3384,20016830,2026-06-18,823388,835421
3385,20016831,2026-06-18,823566,836121
3386,20016832,2026-06-18,823622,836378
3387,20016833,2026-06-18,823847,836995
3388,20016834,2026-06-18,823906,837285
3389,20016835,2026-06-18,824086,837809
3390,20016836,2026-06-18,824267,837816
3391,20016837,2026-06-18,824446,837758
3392,20016838,2026-06-18,825461,837526
3393,20016839,2026-06-18,824440,837752
3394,20016840,2026-06-18,824297,837810
3395,20016841,2026-06-18,824094,837797
3396,20016842,2026-06-18,823936,837341
3397,20016843,2026-06-18,823857,837005
3398,20016844,2026-06-18,823776,836664
3399,20016845,2026-06-18,823612,836079
3400,20016846,2026-06-18,823563,835860
3401,20016847,2026-06-18,823458,835324
3402,20016848,2026-06-18,823292,834725
3403,20016849,2026-06-18,828024,824262
3404,20016850,2026-09-10,828752,824046
3405,20016861,2026-06-18,824342,837246
3406,20016862,2026-06-18,824928,837022
3407,20016863,2026-06-18,823698,833654
3408,20016864,2026-06-18,824353,833602
3409,20016865,2026-09-02,824333,833825
3410,20016866,2026-06-18,824394,833927
3411,20016867,2026-06-18,824544,834091
3412,20016868,2026-06-18,824384,834350
3413,20016869,2026-06-18,824344,833546
3414,20016871,2026-06-28,823527,833578
3415,20016872,2026-06-18,830509,825229
3416,20016873,2026-09-02,830261,825751
3417,20016874,2026-06-18,830113,825601
3418,20016875,2026-06-18,828982,823881
3419,20016876,2026-06-18,828072,824025
3420,20016877,2026-06-18,824327,833826
3421,20016878,2026-06-18,829911,825472
3422,20016894,2026-06-18,824742,832809
3423,20016895,2026-06-28,825193,833483
3424,20016896,2026-06-28,825934,834285
3425,20016897,2026-06-28,825218,833499
3426,20016898,2026-06-18,841670,817822
3427,20016901,2026-06-18,823458,835324
3428,20016902,2026-06-18,824478,835223
3429,20016903,2026-06-18,839860,819707
3430,20016904,2026-06-18,820004,833393
3431,20016905,2026-06-18,819803,832556
3432,20016906,2026-06-18,820018,833414
3433,20016907,2026-06-18,820913,833743
3434,20016908,2026-06-18,828202,839473
3435,20016909,2026-06-18,827687,839054
3436,20016910,2026-06-18,826873,839600
3437,20016911,2026-06-18,826857,840364
3438,20016912,2026-06-18,826866,840349
3439,20016913,2026-06-18,826878,839601
3440,20016914,2026-06-18,827696,839065
3441,20016915,2026-06-28,823411,834680
3442,20016916,2026-06-18,816245,831007
3443,20016917,2026-06-18,815733,829191
3444,20016919,2026-06-18,832483,822057
3445,20016920,2026-06-18,835635,819371
3446,20016921,2026-06-18,836446,817752
3447,20016922,2026-06-18,835630,819250
3448,20016924,2026-06-18,815706,829179
3449,20016925,2026-06-18,815942,830331
3450,20016927,2026-06-18,831110,815926
3451,20016928,2026-06-29,841663,817840
3452,20016961,2026-08-17,840360,820276
3453,20016962,2026-06-18,840405,820522
3454,20016963,2026-06-18,840409,820661
3455,20016964,2026-06-18,840319,820769
3456,20016965,2026-06-18,840244,821032
3457,20016966,2026-06-18,840040,821277
3458,20016967,2026-08-17,840169,821407
3459,20016968,2026-08-17,840028,821345
3460,20016969,2026-08-17,840187,821106
3461,20016970,2026-08-17,840250,821017
3462,20016971,2026-08-17,840231,820860
3463,20016972,2026-08-17,840374,820757
3464,20016973,2026-08-17,840443,820526
3465,20016974,2026-08-17,840337,820323
3466,20016975,2026-06-18,840502,820915
3467,20016976,2026-06-18,840430,821071
3468,20016977,2026-06-18,840350,821198
3469,20016978,2026-06-18,839932,821320
3470,20016979,2026-06-18,840092,821359
3471,20016980,2026-06-18,839907,821299
3472,20016981,2026-06-18,839950,821170
3473,20016982,2026-06-18,840210,821198
3474,20016983,2026-06-18,840438,821075
3475,20016996,2026-06-18,834494,821992
3476,20016997,2026-06-18,834317,821784
3477,20016998,2026-06-18,834408,821611
3478,20016999,2026-06-18,834618,821522
3479,20017001,2026-06-18,834629,821187
3480,20017002,2026-06-18,834663,821217
3481,20017241,2026-06-27,827868,832271
3482,20017242,2026-06-27,827898,832257
3483,20017243,2026-06-27,827563,832277
3484,20017244,2026-06-27,827035,832172
3485,20017245,2026-06-27,826497,831976
3486,20017246,2026-06-27,826183,831746
3487,20017247,2026-06-27,826074,831682
3488,20017248,2026-06-27,825761,831801
3489,20017257,2026-07-16,841960,820224
3490,20017290,2026-06-18,841184,819477
3491,20017323,2026-08-22,839292,826923
3492,20017324,2026-08-22,839140,827572
3493,20017325,2026-08-22,838386,828468
3494,20017326,2026-06-18,840043,826841
3495,20017327,2026-06-18,839138,827171
3496,20017328,2026-06-18,837711,826936
3497,20017329,2026-06-18,839167,827591
3498,20017330,2026-09-10,839191,827193
3499,20017331,2026-06-18,839532,827583
3500,20017332,2026-09-07,838861,827708
3501,20017333,2026-06-18,837526,825707
3502,20017334,2026-06-18,835483,820335
3503,20017335,2026-06-18,839332,829780
3504,20017336,2026-06-18,838983,829765
3505,20017337,2026-06-18,839588,830004
3506,20017338,2026-06-18,839318,829816
3507,20017339,2026-06-18,840559,828432
3508,20017340,2026-06-18,840499,828521
3509,20017341,2026-06-18,840408,828804
3510,20017342,2026-06-18,840403,828865
3511,20017343,2026-06-18,840221,828793
3512,20017344,2026-06-18,840209,828791
3513,20017345,2026-06-18,840413,828872
3514,20017346,2026-06-18,840418,828799
3515,20017356,2026-06-18,839356,827846
3516,20017389,2026-06-18,831161,840396
3517,20017390,2026-06-18,832150,840426
3518,20017391,2026-06-18,832753,839689
3519,20017392,2026-06-18,832464,839387
3520,20017393,2026-06-18,832746,839060
3521,20017394,2026-06-18,833105,838976
3522,20017395,2026-06-18,838862,826886
3523,20017396,2026-06-18,839294,826942
3524,20017422,2026-06-18,839178,827213
3525,20017423,2026-06-18,833057,839032
3526,20017424,2026-06-18,832722,839032
3527,20017425,2026-06-18,832463,839402
3528,20017426,2026-06-18,833127,840135
3529,20017427,2026-06-18,832477,840108
3530,20017428,2026-06-18,832122,840368
3531,20017429,2026-06-18,831218,840480
3532,20017455,2026-06-18,832722,840122
3533,20017488,2026-08-17,824382,833393
3534,20017489,2026-08-17,823175,834701
3535,20017521,2026-07-28,839750,818901
3536,20017522,2026-07-28,839435,819209
3537,20017523,2026-07-28,839241,819396
3538,20017554,2026-06-18,829344,825515
3539,20017587,2026-06-18,839294,826944
3540,20017686,2026-06-18,824739,832787
3541,20017687,2026-06-18,824716,832773
3542,20017688,2026-06-18,824718,832797
3543,20017719,2026-08-17,826502,840332
3544,20017720,2026-08-17,824502,831240
3545,20017752,2026-08-12,833366,815873
3546,20017818,2026-07-16,841721,820404
3547,20017819,2026-09-10,841944,819871
3548,20017820,2026-06-18,842196,819600
3549,20017851,2026-06-18,833929,845841
3550,20017884,2026-06-18,831302,822982
3551,20017917,2026-06-18,839583,819657
3552,20017950,2026-06-18,834614,833609
3553,20017951,2026-06-18,834796,833579
3554,20017952,2026-06-18,834792,833567
3555,20018016,2026-06-18,811838,818382
3556,20018017,2026-06-18,811906,817215
3557,20018052,2026-06-18,811715,818329
3558,20018082,2026-06-18,811171,817670
3559,20018083,2026-06-18,815689,830565
3560,20018115,2026-08-13,828471,838343
3561,20018148,2026-06-18,836162,815463
3562,20018181,2026-06-18,844713,820478
3563,20018214,2026-06-18,829614,825641
3564,20018247,2026-06-18,837532,818591
3565,20018280,2026-09-02,842154,818879
3566,20018348,2026-07-14,834272,821771
3567,20018379,2026-06-18,841719,818300
3568,20018445,2026-06-18,832687,839990
3569,20018478,2026-06-18,819204,833438
3570,20018479,2026-06-18,819247,833125
3571,20018480,2026-06-18,819295,832980
3572,20018481,2026-06-18,819297,832819
3573,20018482,2026-06-18,819274,832714
3574,20018483,2026-06-18,819188,832583
3575,20018484,2026-06-18,819105,832611
3576,20018485,2026-06-18,819058,832628
3577,20018486,2026-06-18,818940,832670
3578,20018487,2026-06-18,819079,833004
3579,20018488,2026-06-18,819198,833029
3580,20018489,2026-06-18,819212,833235
3581,20018490,2026-06-18,819192,833463
3582,20018491,2026-06-18,819205,833580
3583,20018492,2026-06-18,819290,833716
3584,20018493,2026-06-18,820098,833909
3585,20018494,2026-09-11,820554,833921
3586,20018495,2026-06-18,820831,833917
3587,20018496,2026-06-18,820955,833913
3588,20018497,2026-06-18,821131,833911
3589,20018511,2026-06-18,819071,832994
3590,20018512,2026-06-18,818878,832876
3591,20018513,2026-06-18,818928,832704
3592,20018514,2026-06-18,819061,832637
3593,20018515,2026-06-18,819123,832616
3594,20018516,2026-06-18,819193,832590
3595,20018517,2026-06-18,819251,832654
3596,20018518,2026-06-18,819293,832951
3597,20019964,2026-06-18,834745,819878
3598,20019965,2026-06-18,834653,819939
3599,20019966,2026-06-18,835198,818348
3600,20019967,2026-06-18,835427,819416
3601,20019968,2026-06-18,835367,819727
3602,20019970,2026-06-18,835439,818501
3603,20019996,2026-06-18,835508,818866
3604,20019997,2026-06-18,841479,820291
3605,20020029,2026-06-18,841797,820712
3606,20020030,2026-06-18,835535,820567
3607,20020031,2026-07-28,839609,820079
3608,20020062,2026-06-18,833995,822296
3609,20020063,2026-06-18,835177,822197
3610,20020064,2026-09-10,834200,820908
3611,20020065,2026-07-14,834341,821046
3612,20020066,2026-06-18,835489,819070
3613,20020067,2026-06-18,835524,819938
3614,20020068,2026-06-18,832735,838636
3615,20020069,2026-06-18,832478,839557
3616,20020070,2026-06-18,840383,842749
3617,20020095,2026-08-12,837470,815660
3618,20020096,2026-08-12,833818,815524
3619,20020097,2026-08-12,833574,815638
3620,20020098,2026-07-13,832588,816216
3621,20020099,2026-07-13,833684,815854
3622,20020100,2026-07-13,835554,815270
3623,20020101,2026-07-13,837045,815414
3624,20020102,2026-07-13,838210,816934
3625,20020128,2026-06-18,831097,823091
3626,20020129,2026-06-18,832331,822406
3627,20020130,2026-06-18,832556,822125
3628,20020131,2026-06-18,832542,822123
3629,20020132,2026-06-18,830217,825523
3630,20020133,2026-09-10,830242,825284
3631,20020134,2026-06-18,831093,823064
3632,20020161,2026-06-18,841312,821423
3633,20020162,2026-06-18,839825,821722
3634,20020163,2026-06-18,838850,821760
3635,20020164,2026-06-18,841608,820750
3636,20020165,2026-06-18,835196,820504
3637,20020166,2026-06-18,835540,820230
3638,20020167,2026-06-18,836232,820212
3639,20020168,2026-09-02,842661,817399
3640,20020169,2026-09-02,842863,817724
3641,20020170,2026-06-18,841113,818974
3642,20020171,2026-06-18,842605,819255
3643,20020172,2026-06-18,841605,820549
3644,20020173,2026-06-18,841364,820303
3645,20020174,2026-06-18,841482,820279
3646,20020175,2026-06-18,842845,819449
3647,20020176,2026-06-18,842606,819111
3648,20020177,2026-06-18,842600,818371
3649,20020178,2026-06-18,842527,819622
3650,20020179,2026-06-18,842287,818599
3651,20020180,2026-09-10,842120,819535
3652,20020181,2026-06-18,842134,819519
3653,20020182,2026-06-18,838942,822444
3654,20020183,2026-07-13,838830,823122
3655,20020184,2026-06-18,838473,822037
3656,20020195,2026-06-18,840284,819951
3657,20020196,2026-06-18,840417,821769
3658,20020227,2026-06-18,832268,820812
3659,20020228,2026-06-18,832252,820800
3660,20020229,2026-06-18,834080,822221
3661,20020230,2026-06-18,833495,821562
3662,20020260,2026-09-10,830366,825434
3663,20020261,2026-06-18,831519,824956
3664,20020262,2026-06-18,830111,825603
3665,20020263,2026-06-18,831230,824807
3666,20020264,2026-06-18,830959,824909
3667,20020265,2026-06-18,831415,824647
3668,20020267,2026-06-18,830584,824475
3669,20020268,2026-06-18,832714,825409
3670,20020269,2026-06-18,834166,822151
3671,20020270,2026-06-18,834376,821976
3672,20020271,2026-06-18,831049,824300
3673,20020272,2026-06-18,830649,823923
3674,20020273,2026-06-18,829350,823318
3675,20020293,2026-06-18,833064,816220
3676,20020294,2026-06-18,835820,814982
3677,20020295,2026-06-18,835941,814868
3678,20020296,2026-06-18,836444,815124
3679,20020297,2026-06-18,835103,815070
3680,20020326,2026-06-18,820922,833097
3681,20020327,2026-06-18,820334,833381
3682,20020328,2026-06-18,820614,833125
3683,20020329,2026-06-18,818378,834169
3684,20020330,2026-09-09,818360,834181
3685,20020331,2026-06-18,819395,833757
3686,20020332,2026-06-18,818045,835849
3687,20020333,2026-07-02,839518,820138
3688,20020334,2026-07-13,826154,841129
3689,20020335,2026-06-18,836003,825319
3690,20020336,2026-06-18,835980,825005
3691,20020337,2026-06-18,836081,825118
3692,20020359,2026-06-18,836076,815052
3693,20020360,2026-06-18,839596,821667
3694,20020361,2026-06-18,834505,818285
3695,20020392,2026-06-18,836098,815012
3696,20020393,2026-06-18,835995,814871
3697,20020394,2026-09-01,844751,820677
3698,20020425,2026-06-18,842119,814416
3699,20020491,2026-06-18,815610,828197
3700,20020492,2026-06-18,835264,834364
3701,20020493,2026-06-18,838731,832061
3702,20020494,2026-06-18,830292,825822
3703,20020495,2026-06-18,823900,825152
3704,20020497,2026-06-18,831444,824231
3705,20020498,2026-06-18,830457,825380
3706,20020499,2026-06-18,828391,825787
3707,20020500,2026-06-18,830878,825691
3708,20020501,2026-06-18,830128,825711
3709,20020524,2026-06-18,820530,833892
3710,20020525,2026-09-08,821241,833908
3711,20020527,2026-08-17,825013,832946
3712,20020528,2026-08-17,824932,833134
3713,20014214,2026-06-18,836758,822114
3714,20014215,2026-06-18,836263,821921
3715,20014222,2026-06-18,836332,826359
3716,20014223,2026-06-18,836534,826102
3717,20014224,2026-06-18,836431,826028
3718,20014225,2026-06-18,836384,826146
3719,20014226,2026-09-07,835966,826436
3720,20014227,2026-06-18,835866,826451
3721,20014231,2026-06-18,835631,826334
3722,20014232,2026-06-18,835868,826769
3723,20014233,2026-06-18,835980,826571
3724,20014235,2026-06-18,835735,826492
3725,20014236,2026-06-18,835789,826501
3726,20014237,2026-06-18,835856,826526
3727,20014240,2026-06-18,835870,825125
3728,20014241,2026-06-18,835733,824968
3729,20014244,2026-06-18,836714,825074
3730,20014245,2026-09-10,836342,820720
3731,20014246,2026-06-18,835470,820532
3732,20014247,2026-09-10,836195,820193
3733,20014248,2026-06-18,836582,825680
3734,20014249,2026-06-18,836411,825480
3735,20014250,2026-06-18,836218,825358
3736,20014251,2026-06-18,836123,825150
3737,20014252,2026-06-18,836131,825591
3738,20014253,2026-06-18,836280,826025
3739,20014254,2026-06-18,836178,826171
3740,20014256,2026-06-18,835990,826158
3741,20014257,2026-06-18,836384,826388
3742,20014258,2026-06-18,836273,825904
3743,20014259,2026-06-18,835990,826158
3744,20014287,2026-09-10,835635,817415
3745,20014289,2026-06-18,835278,818719
3746,20014290,2026-06-18,835423,818870
3747,20014291,2026-06-18,835494,819041
3748,20014292,2026-06-18,835330,819911
3749,20014293,2026-08-13,831207,840279
3750,20014294,2026-09-10,831104,840457
3751,20014295,2026-06-18,831617,843891
3752,20014296,2026-06-18,832265,844587
3753,20014297,2026-06-18,833392,844548
3754,20014298,2026-09-09,834518,846093
3755,20014299,2026-06-18,836757,845839
3756,20014300,2026-06-18,832265,844573
3757,20014301,2026-06-18,831057,840785
3758,20014305,2026-06-18,835421,819767
3759,20014306,2026-06-18,835524,819216
3760,20014307,2026-06-18,835554,819045
3761,20014308,2026-06-18,835567,818980
3762,20014309,2026-06-18,835533,818676
3763,20014310,2026-06-18,835370,818166
3764,20014311,2026-06-18,835505,817387
3765,20014313,2026-06-18,835218,818282
3766,20014320,2026-06-18,835693,817444
3767,20014321,2026-06-18,836127,817672
3768,20014322,2026-06-18,836160,817876
3769,20014323,2026-06-18,836191,817974
3770,20014324,2026-06-18,837030,818675
3771,20014326,2026-06-18,837319,818867
3772,20014327,2026-06-18,836705,818898
3773,20014328,2026-06-18,836498,819111
3774,20014329,2026-06-18,836373,819244
3775,20014330,2026-06-18,836358,819367
3776,20014331,2026-06-18,836366,819507
3777,20014332,2026-06-18,836573,819620
3778,20014333,2026-09-10,836907,820039
3779,20014335,2026-06-18,836620,819529
3780,20014336,2026-06-18,836445,819623
3781,20014337,2026-09-10,836381,819516
3782,20014338,2026-06-18,836446,819198
3783,20014339,2026-06-18,837382,818853
3784,20014340,2026-06-18,837199,818620
3785,20014341,2026-06-18,836343,818189
3786,20014342,2026-06-18,836233,818012
3787,20014343,2026-06-18,836165,817739
3788,20014344,2026-09-10,835999,817310
3789,20014348,2026-06-18,836778,820083
3790,20014349,2026-06-18,836374,819353
3791,20014350,2026-06-18,836434,819632
3792,20014353,2026-06-18,840774,820196
3793,20014354,2026-06-18,840765,820196
3794,20014356,2026-07-13,840396,816300
3795,20014386,2026-09-10,832534,821977
3796,20014419,2026-07-13,840444,816047
3797,20014452,2026-06-18,832600,839556
3798,20014453,2026-06-18,832586,840068
3799,20014454,2026-06-18,832947,840181
3800,20014455,2026-09-04,832632,840094
3801,20014456,2026-09-10,832479,839230
3802,20014457,2026-09-02,832320,839272
3803,20014459,2026-06-18,832702,839948
3804,20014460,2026-06-18,834026,840878
3805,20014461,2026-06-18,835252,841652
3806,20014463,2026-06-18,835269,841652
3807,20014464,2026-09-09,834542,841145
3808,20014465,2026-09-10,832815,839833
3809,20014485,2026-06-18,837321,821214
3810,20014486,2026-06-18,836792,821270
3811,20014487,2026-06-18,836780,821616
3812,20014488,2026-06-18,836231,822036
3813,20014489,2026-06-18,833486,814583
3814,20014490,2026-06-18,834830,814388
3815,20014491,2026-09-02,834245,815650
3816,20014492,2026-08-12,834369,816336
3817,20014493,2026-06-18,834902,814413
3818,20014494,2026-06-18,833451,813484
3819,20014495,2026-06-18,834088,815266
3820,20014496,2026-06-18,834228,815202
3821,20014497,2026-06-18,834336,815187
3822,20014498,2026-06-18,834606,815184
3823,20014518,2026-09-02,834123,814977
3824,20014520,2026-06-18,834132,814976
3825,20014522,2026-09-10,833837,815166
3826,20014524,2026-06-18,831872,813718
3827,20014525,2026-09-10,831298,814378
3828,20014526,2026-09-02,831437,814563
3829,20014775,2026-06-18,830108,825449
3830,20014776,2026-09-09,830695,824517
3831,20014777,2026-06-18,830922,824655
3832,20014778,2026-06-18,831199,824809
3833,20014779,2026-09-10,831173,824486
3834,20014780,2026-06-18,835883,820123
3835,20014781,2026-06-18,836467,820333
3836,20014782,2026-06-18,836571,820519
3837,20014783,2026-06-18,836704,820498
3838,20014784,2026-06-18,836887,820635
3839,20014785,2026-09-09,837079,820861
3840,20014786,2026-06-18,836649,820781
3841,20014787,2026-06-18,836354,820724
3842,20014788,2026-06-18,835996,820658
3843,20014789,2026-06-18,831199,824798
3844,20014790,2026-06-18,830727,824514
3845,20014791,2026-09-10,830239,825267
3846,20014792,2026-06-18,830227,825440
3847,20014793,2026-06-18,830106,825444
3848,20014794,2026-09-10,833714,843731
3849,20014795,2026-06-18,831091,823937
3850,20014796,2026-06-18,830874,823806
3851,20014797,2026-06-18,830907,823275
3852,20014798,2026-09-10,830874,822868
3853,20014799,2026-06-18,831367,822626
3854,20014800,2026-06-18,831714,821698
3855,20014801,2026-06-18,831784,821476
3856,20014802,2026-06-18,832179,821059
3857,20014803,2026-06-18,831484,820194
3858,20014804,2026-06-18,831322,820049
3859,20014805,2026-06-18,835878,826474
3860,20014806,2026-06-18,831450,820203
3861,20014807,2026-06-18,832159,821036
3862,20014808,2026-06-18,831744,821504
3863,20014809,2026-06-18,831682,821711
3864,20014810,2026-06-18,831235,822682
3865,20014811,2026-06-18,830893,823331
3866,20014812,2026-06-18,830801,823673
3867,20014813,2026-06-18,830889,823867
3868,20014814,2026-06-18,835560,826146
3869,20014815,2026-06-18,835560,826146
3870,20014816,2026-09-08,831205,824243
3871,20014817,2026-06-18,830835,823715
3872,20014818,2026-06-18,830889,823043
3873,20014819,2026-06-18,831165,822516
3874,20014820,2026-06-18,830895,823339
3875,20014848,2026-06-18,831213,824263
3876,20014849,2026-08-26,831314,824274
3877,20014851,2026-06-18,829981,825389
3878,20014852,2026-06-18,829809,825487
3879,20014853,2026-09-10,829862,825502
3880,20014854,2026-06-18,830007,825416
3881,20014856,2026-09-09,831414,824651
3882,20014857,2026-09-10,831251,824487
3883,20014858,2026-09-10,831184,824212
3884,20014859,2026-08-03,836845,815786
3885,20014860,2026-06-18,836814,815712
3886,20014861,2026-06-18,844526,820599
3887,20014862,2026-06-18,834074,845930
3888,20014863,2026-06-18,835008,845965
3889,20014864,2026-06-18,834483,846074
3890,20014865,2026-06-18,836457,815576
3891,20014866,2026-06-18,836183,815438
3892,20014867,2026-06-18,835441,815423
3893,20014868,2026-06-18,832685,816179
3894,20014869,2026-06-18,832322,816141
3895,20014870,2026-06-18,831700,815907
3896,20014871,2026-06-18,831558,815508
3897,20014872,2026-06-18,831199,814553
3898,20014873,2026-06-18,831039,814205
3899,20014874,2026-06-18,831444,813731
3900,20014875,2026-06-18,831028,814216
3901,20014876,2026-06-18,831182,814603
3902,20014877,2026-08-03,831801,816140
3903,20014878,2026-08-03,831875,816172
3904,20014879,2026-06-18,832289,816208
3905,20014880,2026-06-18,832337,816120
3906,20014881,2026-06-18,833078,816205
3907,20014882,2026-06-18,835457,815445
3908,20014883,2026-06-18,836480,815535
3909,20014884,2026-08-03,836818,815729
3910,20014885,2026-08-03,833450,812424
3911,20014886,2026-08-03,832161,812751
3912,20014887,2026-08-03,832105,812801
3913,20014888,2026-06-18,832347,816124
3914,20014889,2026-08-03,835438,815447
3915,20014890,2026-06-18,836451,815570
3916,20014891,2026-06-18,831499,814534
3917,20014892,2026-06-18,832219,813078
3918,20014893,2026-06-18,832321,812547
3919,20014894,2026-06-18,833256,812334
3920,20014914,2026-06-18,840148,820084
3921,20014915,2026-06-18,840608,819597
3922,20014947,2026-06-18,832348,824998
3923,20014948,2026-06-18,831794,825334
3924,20014980,2026-06-18,827954,824249
3925,20014981,2026-08-31,828099,823898
3926,20014982,2026-09-10,828544,824777
3927,20014983,2026-06-18,831502,824887
3928,20014985,2026-06-18,830931,824647
3929,20014986,2026-09-02,831198,824809
3930,20015013,2026-06-18,841597,818645
3931,20015014,2026-06-18,841511,818501
3932,20015015,2026-09-10,841265,818464
3933,20015016,2026-06-18,838877,821773
3934,20015017,2026-07-16,838368,821511
3935,20015018,2026-06-18,837767,820958
3936,20015019,2026-06-18,837619,820553
3937,20015020,2026-08-31,837553,820783
3938,20015021,2026-09-10,837302,821036
3939,20015022,2026-06-18,837441,821200
3940,20015046,2026-06-18,842909,818202
3941,20015047,2026-09-10,842636,818248
3942,20015048,2026-09-10,842588,818396
3943,20015049,2026-09-02,842699,818758
3944,20015050,2026-08-31,842664,818929
3945,20015288,2026-07-02,839376,820686
3946,20015289,2026-07-02,839306,820397
3947,20015290,2026-07-02,839468,820337
3948,20015292,2026-09-10,840809,820413
3949,20015294,2026-07-02,841576,820758
3950,20015295,2026-07-02,840403,820428
3951,20015296,2026-06-18,837765,820960
3952,20015297,2026-06-18,837951,820103
3953,20015298,2026-06-18,838033,819899
3954,20015299,2026-06-18,837459,820570
3955,20015300,2026-06-18,839022,821825
3956,20015301,2026-06-18,840229,821503
3957,20015302,2026-06-18,838367,821512
3958,20015310,2026-06-18,837335,820666
3959,20015311,2026-09-10,837146,820771
3960,20015343,2026-06-18,841451,820823
3961,20015376,2026-06-18,845705,817504
3962,20015377,2026-09-10,846272,817577
3963,20015378,2026-06-18,846240,817295
3964,20015379,2026-06-18,846202,816366
3965,20015380,2026-06-18,846148,815795
3966,20015381,2026-06-18,845798,815900
3967,20015382,2026-06-18,845884,816045
3968,20015383,2026-06-18,846214,817251
3969,20015384,2026-06-18,845095,818787
3970,20015385,2026-06-18,845098,818762
3971,20015409,2026-09-10,821002,833971
3972,20015410,2026-06-18,821174,833914
3973,20015411,2026-07-13,823141,834208
3974,20015412,2026-07-13,823498,835815
3975,20015413,2026-07-13,823622,836378
3976,20015414,2026-07-13,823654,836777
3977,20015415,2026-07-13,823883,837430
3978,20015416,2026-09-10,824074,838538
3979,20015417,2026-07-13,826086,839888
3980,20015418,2026-07-13,826481,840411
3981,20015419,2026-07-13,826281,840752
3982,20015420,2026-07-13,824907,841704
3983,20015421,2026-07-13,826289,840773
3984,20015422,2026-07-13,826492,840396
3985,20015423,2026-09-10,825956,839785
3986,20015424,2026-07-13,824086,838536
3987,20015425,2026-07-13,823612,836073
3988,20015426,2026-07-13,820643,834012
3989,20015427,2026-07-13,820797,834088
3990,20015428,2026-07-13,825723,841718
3991,20015429,2026-06-18,839470,822317
3992,20015430,2026-06-18,839073,822336
3993,20015431,2026-06-18,832582,839532
3994,20015432,2026-06-18,832920,840092
3995,20015433,2026-06-18,837392,822803
3996,20015434,2026-06-18,837488,822382
3997,20015435,2026-06-18,837310,821281
3998,20015436,2026-06-18,837331,821962
3999,20015437,2026-06-18,836977,822454
4000,20015438,2026-06-18,839107,822330
4001,20015439,2026-06-18,832331,839252
4002,20015440,2026-06-18,832583,839535
4003,20015441,2026-06-18,832964,839614
4004,20015442,2026-06-18,833751,839876
4005,20015443,2026-06-18,833403,840388
4006,20015445,2026-07-28,817695,835907
4007,20015446,2026-09-10,817983,836530
4008,20015447,2026-07-28,818352,836698
4009,20015448,2026-09-10,818484,835936
4010,20015449,2026-07-28,818536,835699
4011,20015451,2026-09-11,818047,835829
4012,20015452,2026-07-28,817064,835586
4013,20015454,2026-07-28,818038,835850
4014,20015455,2026-07-28,818589,835489
4015,20015456,2026-07-28,818530,835679
4016,20015457,2026-07-28,818572,836279
4017,20015458,2026-07-28,818344,836646
4018,20015459,2026-07-28,817998,836515
4019,20015460,2026-07-28,817807,836104
4020,20015475,2026-07-13,824016,838003
4021,20015476,2026-07-13,825992,839826
4022,20015477,2026-07-13,826390,838863
4023,20015478,2026-07-13,824024,837990
4024,20015508,2026-06-18,834172,811709
4025,20015509,2026-06-18,833942,811645
4026,20015510,2026-06-18,834109,812022
4027,20015511,2026-06-18,834025,812231
4028,20015512,2026-06-18,834392,812101
4029,20015513,2026-07-16,839627,820960
4030,20015515,2026-06-18,835393,812157
4031,20015516,2026-06-18,835109,811771
4032,20015541,2026-06-18,833944,811645
4033,20015542,2026-06-18,835153,812173
4034,20015543,2026-09-10,819708,830487
4035,20015544,2026-06-18,820460,833165
4036,20015545,2026-06-18,820678,833712
4037,20015546,2026-06-18,821375,833758
4038,20015547,2026-09-10,821158,833604
4039,20015548,2026-09-10,820914,833730
4040,20015550,2026-06-18,820459,832294
4041,20015551,2026-06-18,820689,833089
4042,20015554,2026-06-29,844260,820592
4043,20015555,2026-06-18,844725,819914
4044,20015556,2026-06-18,841535,819112
4045,20015557,2026-06-29,841236,819490
4046,20015558,2026-06-29,841688,819057
4047,20015559,2026-06-29,844015,820421
4048,20015560,2026-06-29,844156,820342
4049,20015561,2026-06-29,844241,820351
4050,20015574,2026-06-18,844041,819822
4051,20015575,2026-06-19,842355,819773
4052,20015576,2026-06-18,842360,819552
4053,20015577,2026-06-18,842069,819597
4054,20015578,2026-07-16,841834,819891
4055,20015579,2026-07-16,841735,819953
4056,20015580,2026-09-09,841491,820034
4057,20015581,2026-06-18,841405,819798
4058,20015582,2026-09-10,842337,819771
4059,20015583,2026-06-18,843170,820218
4060,20015584,2026-09-01,843349,820067
4061,20015845,2026-06-18,839479,832041
4062,20015871,2026-06-18,839390,832314
4063,20015872,2026-06-18,839166,832350
4064,20015873,2026-06-18,839011,832252
4065,20015874,2026-06-18,839156,832142
4066,20015875,2026-06-18,839448,832046
4067,20015876,2026-06-18,839531,832152
4068,20015877,2026-06-18,839895,831766
4069,20015878,2026-06-18,840111,831472
4070,20015879,2026-06-18,837431,827215
4071,20015880,2026-06-18,837430,827210
4072,20015881,2026-06-18,840077,831519
4073,20015882,2026-06-18,839895,831715
4074,20015883,2026-06-18,839010,832223
4075,20015884,2026-06-18,838955,832615
4076,20015885,2026-06-18,839158,832365
4077,20015886,2026-06-18,839333,832295
4078,20015887,2026-06-18,839825,831679
4079,20015888,2026-06-18,831721,825320
4080,20015889,2026-06-18,839819,831652
4081,20015890,2026-06-18,839477,831899
4082,20015891,2026-06-18,840116,831036
4083,20015904,2026-06-18,840176,821586
4084,20015905,2026-06-18,840486,819486
4085,20015906,2026-06-18,840003,819719
4086,20015907,2026-06-18,839525,820122
4087,20015908,2026-06-18,839477,820336
4088,20015909,2026-06-18,840006,819736
4089,20015910,2026-06-18,840303,820284
4090,20015911,2026-06-18,839634,821693
4091,20015912,2026-06-18,839847,821719
4092,20015913,2026-06-18,840276,821511
4093,20015937,2026-09-10,830012,825465
4094,20015938,2026-09-01,830316,825245
4095,20015939,2026-09-10,830740,825454
4096,20015940,2026-09-01,830853,825421
4097,20015941,2026-09-10,830722,825200
4098,20015942,2026-09-01,830649,825444
4099,20015943,2026-09-10,830437,825391
4100,20015970,2026-06-18,831591,824879
4101,20015972,2026-06-18,829944,825702
4102,20015973,2026-06-18,831401,825496
4103,20015974,2026-06-18,831502,825572
4104,20015975,2026-06-18,831648,825394
4105,20015976,2026-09-11,831131,825171
4106,20015977,2026-09-10,830996,824977
4107,20015978,2026-06-18,830911,824852
4108,20015979,2026-09-10,831193,825118
4109,20015980,2026-06-18,830650,824676
4110,20015981,2026-06-18,830348,825445
4111,20015982,2026-06-18,829807,825488
4112,20015983,2026-06-18,831308,824278
4113,20015985,2026-06-18,831160,824188
4114,20015986,2026-06-18,831160,824188
4115,20015987,2026-06-18,830719,825039
4116,20015988,2026-06-18,830105,825891
4117,20015989,2026-06-18,829231,827234
4118,20015990,2026-06-18,829182,828427
4119,20015991,2026-06-18,837814,822800
4120,20015992,2026-06-18,829629,826926
4121,20015993,2026-09-10,830384,825728
4122,20015994,2026-06-18,837257,822170
4123,20015995,2026-06-18,837282,822738
4124,20015998,2026-06-18,829162,826646
4125,20015999,2026-06-18,830147,825728
4126,20016000,2026-06-18,830019,825514
4127,20016002,2026-06-18,829983,825888
4128,20016003,2026-06-18,829640,826185
4129,20016004,2026-06-18,830117,825764
4130,20016005,2026-06-18,829489,825944
4131,20016006,2026-06-18,822769,824860
4132,20016007,2026-06-18,830040,826110
4133,20016008,2026-06-18,830000,825860
4134,20016009,2026-06-18,829512,825953
4135,20016010,2026-06-18,828983,826292
4136,20016011,2026-06-18,829160,826284
4137,20016012,2026-06-18,829259,826246
4138,20016036,2026-06-18,842424,814475
4139,20016037,2026-06-18,842106,814501
4140,20016038,2026-06-18,841410,815438
4141,20016039,2026-06-18,841332,815416
4142,20016040,2026-06-18,841235,815184
4143,20016041,2026-06-18,841063,815395
4144,20016042,2026-06-18,840733,815564
4145,20016043,2026-06-18,840492,815715
4146,20016044,2026-06-18,840678,815766
4147,20016045,2026-06-18,840771,815962
4148,20016046,2026-06-18,840906,816062
4149,20016047,2026-06-18,839062,816988
4150,20016048,2026-06-18,838906,816954
4151,20016049,2026-06-18,838771,816925
4152,20016050,2026-06-18,838497,816863
4153,20016051,2026-06-18,838238,816736
4154,20016052,2026-06-18,838297,816891
4155,20016053,2026-06-18,838445,817007
4156,20016054,2026-06-18,838608,817038
4157,20016055,2026-06-18,838852,817092
4158,20016056,2026-06-18,838921,817108
4159,20016057,2026-06-18,839132,817124
4160,20016058,2026-06-18,841076,816139
4161,20016059,2026-06-18,841079,816040
4162,20016060,2026-06-18,840969,815943
4163,20016061,2026-06-18,840889,815884
4164,20016062,2026-06-18,840676,815727
4165,20016063,2026-06-18,840506,815705
4166,20016064,2026-06-18,840822,815609
4167,20016065,2026-06-18,841044,815462
4168,20016066,2026-06-18,841153,815286
4169,20016067,2026-06-18,841292,815196
4170,20016069,2026-06-18,841429,815444
4171,20016070,2026-06-18,841845,815157
4172,20016071,2026-06-18,830302,825936
4173,20016072,2026-06-18,829409,826454
4174,20016073,2026-06-18,829342,826564
4175,20016074,2026-06-18,828026,825903
4176,20016075,2026-06-18,830102,825931
4177,20016599,2026-06-18,841419,819836
4178,20016600,2026-06-18,841399,819826
4179,20016601,2026-06-18,841471,820046
4180,20016602,2026-07-16,841401,820186
4181,20016630,2026-09-02,842712,817314
4182,20016631,2026-09-02,842927,817475
4183,20016632,2026-09-02,842868,817660
4184,20016633,2026-09-02,842764,818167
4185,20016634,2026-09-02,842613,818281
4186,20016636,2026-09-02,839560,820397
4187,20016637,2026-09-02,839501,820597
4188,20016638,2026-09-02,839327,820579
4189,20016639,2026-09-02,839248,820808
4190,20016640,2026-09-02,839344,821050
4191,20016641,2026-09-02,839211,821171
4192,20016642,2026-09-02,839249,821370
4193,20016643,2026-09-02,839520,821060
4194,20016644,2026-09-02,839569,820506
4195,20016645,2026-09-02,842692,818640
4196,20016646,2026-09-02,842883,817680
4197,20016647,2026-09-02,842979,817525
4198,20016665,2026-06-18,821890,831807
4199,20016666,2026-06-18,822303,831592
4200,20016667,2026-06-18,822782,831482
4201,20016668,2026-09-10,822927,831629
4202,20016669,2026-06-18,822806,831489
4203,20016670,2026-06-18,822172,831716
4204,20016671,2026-06-18,821884,831798
4205,20016674,2026-06-18,820652,834667
4206,20016675,2026-06-18,819955,836051
4207,20016676,2026-06-18,820859,833972
4208,20016677,2026-06-18,820252,834390
4209,20016678,2026-06-18,820696,834669
4210,20016679,2026-06-18,820947,834941
4211,20016680,2026-06-18,820666,834663
4212,20016681,2026-06-18,820456,834728
4213,20016696,2026-06-18,829960,825636
4214,20016697,2026-06-18,830024,825654
4215,20016698,2026-06-18,830148,825580
4216,20016699,2026-06-18,830206,825547
4217,20016700,2026-06-18,830516,825366
4218,20016701,2026-09-10,830605,825515
4219,20016702,2026-06-18,832176,825232
4220,20016703,2026-06-18,832659,825980
4221,20016704,2026-06-18,842370,817813
4222,20016705,2026-06-18,841502,818045
4223,20016706,2026-06-18,840462,819262
4224,20016708,2026-06-18,832326,825704
4225,20016709,2026-06-18,832436,825596
4226,20016710,2026-06-18,832137,825770
4227,20016711,2026-06-18,830127,825902
4228,20016712,2026-06-18,830696,826417
4229,20016713,2026-06-18,830700,826616
4230,20016714,2026-06-18,830260,825857
4231,20016715,2026-06-18,839817,819685
4232,20016716,2026-06-18,840618,819094
4233,20016717,2026-06-18,841352,818408
4234,20016718,2026-06-18,841468,818142
4235,20016719,2026-06-18,841917,817786
4236,20016720,2026-06-18,842515,817799
4237,20016721,2026-06-18,842677,817395
4238,20016722,2026-06-18,832145,825628
4239,20016723,2026-06-18,832549,825226
4240,20016724,2026-06-18,832286,824832
4241,20016725,2026-06-18,829947,825619
4242,20016728,2026-06-18,832653,825685
4243,20016729,2026-06-18,842051,819876
4244,20016731,2026-06-18,841805,820436
4245,20016732,2026-06-18,841069,820048
4246,20016733,2026-06-18,841090,819602
4247,20016734,2026-06-18,840134,819597
4248,20016736,2026-09-02,840727,819588
4249,20016737,2026-06-18,841013,819783
4250,20016738,2026-06-18,841061,820081
4251,20016739,2026-06-18,831671,825616
4252,20016740,2026-06-18,821706,834765
4253,20016741,2026-06-18,821260,833826
4254,20016742,2026-06-18,821548,834144
4255,20016743,2026-06-18,821706,834765
4256,20016744,2026-09-01,821532,834598
4257,20016745,2026-06-18,827314,824670
4258,20016746,2026-06-18,829032,824529
4259,20016747,2026-06-18,828687,824717
4260,20016748,2026-06-18,828759,823901
4261,20016749,2026-06-18,829163,823434
4262,20016750,2026-06-18,828975,823495
4263,20016751,2026-06-18,829250,823792
4264,20016752,2026-06-18,828742,823889
4265,20016753,2026-06-18,829032,824529
4266,20016755,2026-06-18,827314,824670
4267,20016756,2026-06-18,821373,834431
4268,20016758,2026-06-18,821155,834722
4269,20016759,2026-06-18,821449,834468
4270,20016760,2026-06-18,821497,834426
4271,20016761,2026-06-18,821363,834476
4272,20016763,2026-06-18,821221,834384
4273,20016764,2026-06-18,820794,834076
4274,20016765,2026-06-18,820569,834031
4275,20016766,2026-06-18,821167,834340
4276,20016767,2026-06-18,829042,823235
4277,20016768,2026-06-18,829370,822656
4278,20016795,2026-06-18,829023,823211
4279,20016796,2026-06-18,828409,823426
4280,20016797,2026-06-18,831187,824094
4281,20016798,2026-06-18,829036,823271
4282,20016799,2026-06-18,829111,821377
4283,20016800,2026-06-18,826767,823594
4284,20016801,2026-06-18,829125,821366
4285,20016803,2026-06-18,823451,835356
4286,20016804,2026-06-18,823549,835841
4287,20016805,2026-06-18,823612,836124
4288,20016806,2026-06-18,823764,836664
4289,20016807,2026-06-18,823617,836886
4290,20016808,2026-06-18,823493,836949
4291,20016809,2026-06-18,823359,837018
4292,20016810,2026-06-18,823239,837055
4293,20017004,2026-06-18,834567,821450
4294,20017006,2026-06-18,834388,821913
4295,20017007,2026-06-18,834324,822160
4296,20017008,2026-06-18,834187,822273
4297,20017026,2026-06-18,814338,829723
4298,20017027,2026-06-18,814113,826179
4299,20017028,2026-06-18,814507,826153
4300,20017029,2026-06-18,835395,820333
4301,20017030,2026-07-10,838366,822214
4302,20017032,2026-07-10,836832,820815
4303,20017033,2026-07-10,835837,820627
4304,20017035,2026-07-10,834736,820591
4305,20017036,2026-07-10,834737,820309
4306,20017037,2026-07-10,834751,820108
4307,20017038,2026-07-10,834734,819864
4308,20017039,2026-07-10,834357,819934
4309,20017040,2026-07-10,834289,820073
4310,20017041,2026-06-18,815513,828076
4311,20017042,2026-06-18,815514,827596
4312,20017043,2026-06-18,815514,827287
4313,20017044,2026-06-18,815203,827194
4314,20017045,2026-06-18,814535,826157
4315,20017046,2026-06-18,814107,826550
4316,20017047,2026-06-18,814464,827348
4317,20017048,2026-07-10,834584,819952
4318,20017049,2026-07-10,834725,820181
4319,20017050,2026-07-10,834718,820539
4320,20017051,2026-07-10,834709,820871
4321,20017052,2026-09-10,834936,820819
4322,20017053,2026-07-10,835296,820714
4323,20017054,2026-07-10,835231,820832
4324,20017055,2026-06-18,814444,826043
4325,20017056,2026-06-18,814294,826987
4326,20017057,2026-06-18,814464,827348
4327,20017058,2026-06-18,814697,828627
4328,20017059,2026-06-18,814720,828638
4329,20017060,2026-07-10,836251,820881
4330,20017061,2026-07-10,836571,820895
4331,20017063,2026-07-10,837863,821103
4332,20017064,2026-07-10,838186,821562
4333,20017065,2026-07-10,838179,822053
4334,20017066,2026-06-18,815491,828100
4335,20017067,2026-07-10,834588,819961
4336,20017092,2026-09-02,842297,819069
4337,20017093,2026-09-02,842235,818987
4338,20017094,2026-09-02,842265,818693
4339,20017095,2026-09-02,842215,819008
4340,20017096,2026-09-02,842282,819044
4341,20017125,2026-06-18,836974,822451
4342,20017126,2026-06-18,838227,822993
4343,20017127,2026-06-18,838200,823395
4344,20017128,2026-06-18,838327,823431
4345,20017129,2026-06-18,838468,823526
4346,20017130,2026-06-18,838842,823370
4347,20017131,2026-06-18,838339,823420
4348,20017132,2026-06-18,838211,823388
4349,20017133,2026-06-18,838031,822890
4350,20017134,2026-06-18,837649,822883
4351,20017135,2026-06-18,837185,822769
4352,20017136,2026-06-18,820908,833844
4353,20017158,2026-06-18,837430,818539
4354,20017159,2026-06-18,837227,818696
4355,20017160,2026-06-18,837301,818710
4356,20017161,2026-06-18,837364,818925
4357,20017162,2026-06-18,837367,819147
4358,20017163,2026-06-18,837359,819601
4359,20017164,2026-06-18,837359,819737
4360,20017165,2026-07-16,837357,819914
4361,20017166,2026-06-18,837356,820308
4362,20017167,2026-06-18,837406,820461
4363,20017168,2026-06-18,837452,820558
4364,20017169,2026-06-18,836651,820780
4365,20017170,2026-06-18,836337,820719
4366,20017171,2026-06-18,835970,820710
4367,20017172,2026-06-18,835770,821014
4368,20017173,2026-06-18,835627,821244
4369,20017174,2026-06-18,835673,821530
4370,20017175,2026-06-18,835802,821726
4371,20017176,2026-06-18,835998,821801
4372,20017177,2026-06-18,835804,821686
4373,20017178,2026-06-18,835889,820868
4374,20017179,2026-06-18,836706,820904
4375,20017180,2026-06-18,836967,820914
4376,20017181,2026-06-18,837391,820943
4377,20017183,2026-06-18,837592,820773
4378,20017184,2026-07-16,837451,820493
4379,20017185,2026-06-18,837403,820391
4380,20017186,2026-06-18,837386,820086
4381,20017187,2026-07-16,837388,819823
4382,20017188,2026-06-18,837446,819526
4383,20017189,2026-06-18,837388,819221
4384,20017190,2026-06-18,837386,819033
4385,20017191,2026-06-18,837327,818712
4386,20017192,2026-06-18,837781,818697
4387,20017193,2026-06-18,837748,818834
4388,20017194,2026-06-18,836130,821539
4389,20017195,2026-06-18,835998,821070
4390,20017196,2026-06-18,837503,819268
4391,20017197,2026-06-18,837672,819125
4392,20017224,2026-06-18,846029,826816
4393,20017225,2026-06-18,845296,827029
4394,20017226,2026-06-18,845282,827712
4395,20017227,2026-06-18,845292,827057
4396,20017228,2026-06-18,846009,826273
4397,20017229,2026-06-18,846220,826405
4398,20017230,2026-06-18,845999,826258
4399,20017231,2026-06-27,823444,833649
4400,20017232,2026-06-27,824805,833193
4401,20017233,2026-06-27,824421,833388
4402,20017234,2026-06-27,824731,833194
4403,20017235,2026-06-27,825798,831761
4404,20017236,2026-06-27,826033,831666
4405,20017237,2026-06-27,826181,831753
4406,20017238,2026-06-27,826493,831984
4407,20017239,2026-06-27,827032,832178
4408,20017240,2026-06-27,827567,832284
4409,20018544,2026-06-18,819143,833603
4410,20018545,2026-06-18,818865,833422
4411,20018546,2026-06-18,818625,833268
4412,20018547,2026-06-18,818212,832984
4413,20018548,2026-06-18,818096,832896
4414,20018549,2026-06-18,817936,832617
4415,20018550,2026-06-18,817880,832571
4416,20018551,2026-06-18,817931,832273
4417,20018552,2026-06-18,817945,832189
4418,20018553,2026-06-18,817880,832052
4419,20018554,2026-06-18,817856,832031
4420,20018555,2026-06-18,817883,832078
4421,20018556,2026-06-18,817932,832183
4422,20018557,2026-06-18,817925,832263
4423,20018558,2026-06-18,817871,832575
4424,20018559,2026-06-18,817942,832630
4425,20018560,2026-06-18,818471,833195
4426,20018561,2026-06-18,819936,833879
4427,20018562,2026-06-18,819220,833449
4428,20018577,2026-06-18,820644,833996
4429,20018578,2026-06-18,820593,834078
4430,20018610,2026-06-18,818666,838468
4431,20018643,2026-06-18,831931,822483
4432,20018676,2026-06-18,829971,825879
4433,20018709,2026-06-18,829985,825852
4434,20018742,2026-07-13,840062,815948
4435,20018743,2026-07-13,840202,816276
4436,20018744,2026-07-13,840177,816190
4437,20018745,2026-07-13,840245,816106
4438,20018746,2026-06-18,839917,816197
4439,20018747,2026-06-18,839703,816480
4440,20018776,2026-06-18,844923,818701
4441,20018777,2026-06-18,844584,819030
4442,20018778,2026-06-18,844901,819146
4443,20018808,2026-06-18,837332,819452
4444,20018841,2026-06-18,834380,818060
4445,20018842,2026-06-18,834129,818035
4446,20018843,2026-06-18,834255,818229
4447,20018844,2026-06-18,834339,818363
4448,20018875,2026-06-18,834769,818392
4449,20018907,2026-06-18,839558,827578
4450,20018940,2026-06-18,832077,839258
4451,20018941,2026-06-18,832537,838638
4452,20018942,2026-06-18,832777,838425
4453,20018943,2026-06-18,833032,839060
4454,20018944,2026-06-18,832857,839466
4455,20018945,2026-06-18,832606,839693
4456,20018946,2026-06-18,832612,840094
4457,20018947,2026-06-18,832726,840141
4458,20018948,2026-06-18,833081,840048
4459,20018949,2026-06-18,832760,839699
4460,20018950,2026-06-18,832876,839466
4461,20018951,2026-06-18,833327,838952
4462,20018952,2026-06-18,832758,838405
4463,20018953,2026-06-18,832511,838631
4464,20018954,2026-06-18,832357,839013
4465,20018973,2026-06-18,832326,839272
4466,20018974,2026-06-18,832630,839590
4467,20018975,2026-06-18,832726,840120
4468,20019039,2026-09-11,831872,822414
4469,20019072,2026-06-24,831504,814649
4470,20019105,2026-06-18,839026,822126
4471,20019138,2026-06-18,832626,825520
4472,20019139,2026-06-18,832477,825815
4473,20019171,2026-06-18,832336,825166
4474,20019204,2026-06-18,841431,820425
4475,20019237,2026-06-18,817776,835622
4476,20019238,2026-06-18,817783,836100
4477,20019239,2026-06-18,817957,836491
4478,20019240,2026-06-18,818349,836717
4479,20019241,2026-06-18,818586,836262
4480,20019242,2026-06-18,817779,835666
4481,20019243,2026-06-18,817900,835430
4482,20019270,2026-06-18,836064,835941
4483,20019271,2026-06-18,835919,835775
4484,20019272,2026-06-18,835850,835538
4485,20019273,2026-06-18,835279,834354
4486,20019274,2026-06-18,835383,834303
4487,20019275,2026-06-18,835753,834239
4488,20019276,2026-06-18,835738,834495
4489,20019277,2026-06-18,835797,834837
4490,20019278,2026-06-18,835777,835283
4491,20019279,2026-06-18,835917,835758
4492,20019303,2026-06-18,838422,821295
4493,20019336,2026-06-18,832288,824798
4494,20019369,2026-06-18,823859,833438
4495,20019402,2026-09-11,823212,833754
4496,20019468,2026-06-18,828014,824281
4497,20019469,2026-06-18,828014,824281
4498,20019501,2026-06-18,837726,828912
4499,20019534,2026-09-01,845493,819334
4500,20019567,2026-06-18,839147,835852
4501,20019600,2026-06-18,830680,824501
4502,20019601,2026-09-11,830532,824443
4503,20019633,2026-09-11,841146,830256
4504,20019666,2026-06-18,841423,830452
4505,20019699,2026-06-18,833878,845841
4506,20019700,2026-06-18,834055,845942
4507,20019732,2026-09-04,834093,840421
4508,20019733,2026-06-18,834092,840434
4509,20019765,2026-06-18,840497,821374
4510,20019766,2026-09-02,839691,821661
4511,20019798,2026-06-18,834635,821659
4512,20019831,2026-06-18,831570,823733
4513,20019864,2026-06-18,834432,821966
4514,20019865,2026-06-18,834240,822151
4515,20019866,2026-06-18,834025,822201
4516,20019867,2026-06-18,833369,820963
4517,20019868,2026-06-18,833406,821492
4518,20019869,2026-06-18,833610,821747
4519,20019870,2026-06-18,833461,821989
4520,20019871,2026-06-18,833920,822354
4521,20019872,2026-06-18,834187,822133
4522,20019873,2026-06-18,833209,821476
4523,20019897,2026-06-18,826702,833742
4524,20019963,2026-06-18,834931,819687
4525,20020529,2026-06-28,821139,833947
4526,20020530,2026-06-18,815646,828587
4527,20020531,2026-06-18,815604,828576
4528,20020532,2026-06-28,823094,833842
4529,20020533,2026-06-28,823222,833747
4530,20020534,2026-06-18,835627,834181
4531,20020557,2026-06-18,833874,811629
4532,20020590,2026-07-28,818486,835982
4533,20020623,2026-07-28,818534,836386
4534,20020656,2026-06-18,833278,812330
4535,20020657,2026-06-18,836504,815543
4536,20020658,2026-06-18,834305,812169
4537,20020689,2026-06-18,835918,815297
4538,20020690,2026-06-18,835687,815287
4539,20020722,2026-06-18,830924,840334
4540,20020723,2026-06-18,833999,845557
4541,20020724,2026-06-18,834045,845833
4542,20020755,2026-06-18,830280,824293
4543,20020756,2026-06-18,829993,824056
4544,20020757,2026-06-18,830006,824056
4545,20020758,2026-06-18,830251,824483
4546,20020788,2026-06-18,830719,840992
4547,20020789,2026-06-18,830870,841485
4548,20020790,2026-09-10,830639,840764
4549,20020791,2026-06-18,830982,840449
4550,20020793,2026-06-18,831239,840478
4551,20020794,2026-06-18,831114,840445
4552,20020821,2026-06-18,831268,840249
4553,20020822,2026-06-18,841244,820363
4554,20020823,2026-06-18,841227,820368
4555,20020887,2026-08-31,820019,824781
4556,20020888,2026-08-31,817676,825427
4557,20020920,2026-06-18,837937,816376
4558,20020921,2026-06-18,834437,812080
4559,20020953,2026-06-18,833278,812329
4560,20020954,2026-06-18,832143,812865
4561,20020956,2026-06-18,835709,815252
4562,20020957,2026-06-18,833017,816230
4563,20020958,2026-06-18,833370,816025
4564,20020959,2026-06-18,833527,815992
4565,20020986,2026-06-18,840595,845024
4566,20021026,2026-06-18,835385,819963
4567,20021052,2026-06-18,831582,819971
4568,20021118,2026-06-18,821863,834047
4569,20021151,2026-06-18,845479,819746
4570,20021184,2026-07-13,833074,816212
4571,20021289,2026-08-12,838569,816878
4572,20021290,2026-08-12,833570,815638
4573,20021316,2026-07-16,842344,819568
4574,20021317,2026-07-16,841980,819795
4575,20021318,2026-07-16,842128,819712
4576,20021319,2026-07-16,840241,820585
4577,20021320,2026-07-16,841730,820398
4578,20021321,2026-07-16,835772,818582
4579,20021322,2026-07-16,837367,820374
4580,20021324,2026-07-16,840397,820718
4581,20021325,2026-07-16,840997,820206
4582,20021326,2026-07-16,841150,820257
4583,20021327,2026-07-16,841342,820354
4584,20021328,2026-07-16,841814,819922
4585,20021349,2026-06-18,829827,824896
4586,20021382,2026-06-18,838119,822413
4587,20021383,2026-06-18,838230,822340
4588,20021384,2026-06-18,838581,822250
4589,20021385,2026-06-18,838764,822012
4590,20021387,2026-06-18,838560,821525
4591,20021388,2026-06-18,839049,821484
4592,20021389,2026-06-18,838929,821365
4593,20021390,2026-06-18,839449,820228
4594,20021391,2026-06-18,839863,819711
4595,20021392,2026-06-18,839609,819638
4596,20021393,2026-06-18,839821,819688
4597,20021394,2026-06-18,839559,820402
4598,20021395,2026-06-18,839163,820837
4599,20021396,2026-06-18,839361,820581
4600,20021397,2026-06-18,839133,821239
4601,20021398,2026-06-18,838929,821365
4602,20021399,2026-06-18,839133,821446
4603,20021400,2026-09-10,838568,821496
4604,20021401,2026-06-18,838688,822175
4605,20021402,2026-06-18,838220,822249
4606,20021415,2026-06-18,823775,837075
4607,20021416,2026-06-18,823864,837353
4608,20021417,2026-06-18,823533,837735
4609,20021418,2026-06-18,823280,837346
4610,20021419,2026-06-18,823876,837355
4611,20021420,2026-06-18,823788,837075
4612,20021451,2026-06-24,831132,815941
4613,20021452,2026-06-18,831542,816114
4614,20021481,2026-09-01,842106,821115
4615,20021482,2026-09-01,842347,820676
4616,20021483,2026-09-01,842464,820385
4617,20021484,2026-09-01,842577,820241
4618,20021485,2026-09-01,844019,819834
4619,20021486,2026-09-01,843983,820824
4620,20021487,2026-09-01,844790,819128
4621,20021489,2026-09-01,845702,819533
4622,20021490,2026-09-01,844264,819913
4623,20021491,2026-09-01,844152,819832
4624,20021492,2026-09-01,844063,819825
4625,20021493,2026-09-01,843255,820125
4626,20021494,2026-09-01,842560,820229
4627,20021495,2026-09-10,842436,820443
4628,20021496,2026-09-01,842335,820655
4629,20021514,2026-06-18,841426,821052
4630,20021515,2026-06-18,840973,821410
4631,20021516,2026-06-18,840231,821475
4632,20021517,2026-06-18,840221,821498
4633,20021518,2026-06-18,841248,821492
4634,20021519,2026-06-18,841392,821375
4635,20021520,2026-06-18,841464,821193
4636,20021521,2026-06-18,841426,820996
4637,20021522,2026-06-18,841321,820878
4638,20021547,2026-06-18,837236,822394
4639,20021548,2026-06-18,837173,822330
4640,20021549,2026-06-18,837302,822289
4641,20021550,2026-06-18,837256,822168
4642,20021551,2026-06-18,837338,822401
4643,20021580,2026-06-18,831268,840280
4644,20021581,2026-06-18,827976,840618
4645,20021582,2026-06-18,830773,840227
4646,20021583,2026-06-18,831114,840450
4647,20021613,2026-07-13,840410,816148
4648,20021646,2026-06-18,837338,814415
4649,20021647,2026-06-18,833754,821896
4650,20021679,2026-06-18,833862,812225
4651,20021712,2026-07-28,839250,819567
4652,20021713,2026-07-28,839449,819226
4653,20021756,2026-06-24,831418,815018
4654,20021761,2026-06-18,834091,816112
4655,20021762,2026-06-18,833403,816344
4656,20021778,2026-09-10,840252,821267
4657,20021779,2026-09-02,840349,821197
4658,20021780,2026-09-02,839927,821319
4659,20021781,2026-09-02,840036,821285
4660,20021782,2026-09-02,840094,821360
4661,20021783,2026-09-02,840020,821344
4662,20021784,2026-09-02,839881,821285
4663,20021785,2026-09-02,839946,821173
4664,20021786,2026-09-02,840205,821200
4665,20021811,2026-06-18,842542,818884
4666,20021844,2026-06-18,835110,821914
4667,20021877,2026-09-10,831348,824610
4668,20021910,2026-06-18,841348,815206
4669,20021943,2026-06-18,844241,832378
4670,20021980,2026-09-01,842117,820776
4671,20021981,2026-09-01,845075,818756
4672,20021982,2026-09-01,845068,818777
4673,20021983,2026-09-01,842070,820843
4674,20022009,2026-06-18,836571,825863
4675,20022075,2026-06-18,837461,828735
4676,20022108,2026-06-18,833043,840014
4677,20022174,2026-06-18,837481,828276
4678,20022175,2026-06-18,837474,828265
4679,20022207,2026-06-18,839218,826986
4680,20022208,2026-06-18,839138,827169
4681,20022240,2026-06-18,830348,824750
4682,20022273,2026-06-18,841459,820075
4683,20022274,2026-06-18,841531,820166
4684,20022275,2026-06-18,841913,819760
4685,20022276,2026-06-18,842124,819552
4686,20022277,2026-06-18,842307,819551
4687,20022306,2026-06-18,831801,816143
4688,20022339,2026-06-18,823563,837785
4689,20022372,2026-06-18,832383,825303
4690,20022405,2026-06-18,846174,818311
4691,20022406,2026-06-18,846212,818280
4692,20022438,2026-06-18,830761,840651
4693,20022439,2026-06-18,830931,840502
4694,20022440,2026-06-18,830746,840842
4695,20022441,2026-06-18,830761,840651
4696,20022473,2026-06-18,833733,822417
4697,20022474,2026-06-18,834260,822231
4698,20022477,2026-06-18,834534,821278
4699,20022504,2026-06-18,834579,821368
4700,20022505,2026-06-18,834480,821523
4701,20022506,2026-06-18,834293,821796
4702,20022507,2026-06-18,833659,822402
4703,20022537,2026-06-18,840129,820618
4704,20022570,2026-06-18,833856,822446
4705,20022571,2026-07-13,838167,822689
4706,20022603,2026-06-18,836580,826526
4707,20022636,2026-06-18,821520,834559
4708,20022637,2026-06-18,821183,833995
4709,20022669,2026-06-18,835389,818719
4710,20022670,2026-06-18,835929,819829
4711,20022671,2026-06-18,835854,820012
4712,20022672,2026-06-18,835655,820370
4713,20022673,2026-06-18,835509,820327
4714,20022674,2026-06-18,835446,818498
4715,20022710,2026-07-14,833642,822271
4716,20022711,2026-07-14,834112,822195
4717,20022712,2026-07-14,834114,820921
4718,20022713,2026-07-14,834152,820906
4719,20022739,2026-06-18,838104,821235
4720,20022740,2026-06-18,837662,820793
4721,20022741,2026-06-18,837932,820891
4722,20022742,2026-06-18,838082,821240
4723,20022743,2026-06-18,839150,821136
4724,20022744,2026-06-18,839153,820854
4725,20022771,2026-06-18,837654,821110
4726,20022772,2026-06-18,838071,822347
4727,20022773,2026-06-18,839049,821485
4728,20022801,2026-06-18,846284,818361
4729,20022802,2026-06-18,846329,818521
4730,20022834,2026-08-19,831733,822648
4731,20022867,2026-06-28,824959,832919
4732,20022900,2026-09-11,814774,830214
4733,20022933,2026-06-18,838764,821724
4734,20022966,2026-07-10,842491,819919
4735,20022967,2026-07-10,842607,819106
4736,20022968,2026-07-10,842681,818924
4737,20022969,2026-07-10,842710,818741
4738,20022970,2026-07-10,842599,818420
4739,20022971,2026-07-10,842933,817674
4740,20022972,2026-07-10,842991,817542
4741,20022973,2026-07-10,842644,817786
4742,20022974,2026-07-10,842880,818121
4743,20022975,2026-07-10,842675,818625
4744,20022976,2026-07-10,842664,818927
4745,20022977,2026-07-10,842623,819030
4746,20022978,2026-07-10,842617,819261
4747,20022979,2026-07-10,842324,820673
4748,20022999,2026-07-10,841354,819371
4749,20023032,2026-08-17,824586,832675
4750,20023065,2026-07-14,834003,822224
4751,20023098,2026-07-10,837216,820884
4752,20023099,2026-07-10,835311,820525
4753,20023100,2026-07-10,835249,820833
4754,20023101,2026-07-10,836752,820902
4755,20023131,2026-08-21,842207,817165
4756,20023132,2026-08-21,842435,817042
4757,20023133,2026-08-21,842497,817014
4758,20023134,2026-08-21,842428,817026
4759,20023135,2026-08-21,842167,817198
4760,20023136,2026-08-21,842207,817165
4761,20023164,2026-07-16,839651,820978
4762,20023197,2026-07-28,812390,840177
4763,20023198,2026-07-28,840005,820363
4764,20023231,2026-08-12,833988,815338
4765,20023263,2026-08-13,829017,838356
4766,20023362,2026-08-22,838910,827740
